product_id,name,import_price,sell_price,color,category,size,description
M0000001,Áo sơ mi công sở vải thô đũi dáng suông cổ hai ve thân áo phối túi ốp đính khuy tạo kiểu cài khuy thân trước,425300,607600,"Kem,Đen","Áo dễ phối,Áo sơ mi","S,M,L,XL,XXL","Mẫu áo sơ mi là thiết kế độc quyền của Pantio. mang đến cho nàng sự chỉn chu chuyên nghịệp mà không mất đi nét nữ tính, thời thượng. Làm nàng nổi bật nét đẹp, ấn tượng giữa đám đông. Chất liệu:Thô đũi - 78% Polyester 22% Rayon"
M0000002,Áo sơ mi công sở vải lụa satin dáng suông cổ tròn không tay,558600,798000,Trắng,"Áo dễ phối,Áo sơ mi","S,M,L,XL","Mẫu áo sơ mi là thiết kế độc quyền của Pantio. mang đến cho nàng sự chỉn chu chuyên nghịệp mà không mất đi nét nữ tính, thời thượng. Làm nàng nổi bật nét đẹp, ấn tượng giữa đám đông. Chất liệu:Lụa satin - 100% polyester"
M0000003,Áo sơ mi công sở vải lụa tằm dáng suông cổ kiểu phối dây nơ tạo kiểu,537600,768000,Trắng,"Áo dễ phối,Áo sơ mi","S,M,L,XL","Mẫu áo sơ mi là thiết kế độc quyền của Pantio. mang đến cho nàng sự chỉn chu chuyên nghịệp mà không mất đi nét nữ tính, thời thượng. Làm nàng nổi bật nét đẹp, ấn tượng giữa đám đông. Chất liệu:Lụa tằm -100% polyester"
M0000004,Áo sơ mi công sở vải chiffon xốp dáng suông trễ vai phối chun co giãn tay dài bồng nhẹ có bo chun cổ tay,391000,558600,"Hồng,Trắng","Áo dễ phối,Áo sơ mi","S,M,L","Mẫu áo sơ mi là thiết kế độc quyền của Pantio. mang đến cho nàng sự chỉn chu chuyên nghịệp mà không mất đi nét nữ tính, thời thượng. Làm nàng nổi bật nét đẹp, ấn tượng giữa đám đông. Chất liệu:Chiffon xốp - 99% Polyester - 1% Spandex"
M0000005,"Áo sơ mi dáng suông, cổ đức bằng vải phối, tay dài, măng séc bằng vải phối, túi ốp to, nẹp cài khuy",369600,528000,Xanh,"Áo dễ phối,Áo sơ mi","S,M","Phong cách trẻ trung hiện đại dễ dàng mix với nhiều trang phục khác nhau như chân váy, quần... chắc chắn sẽ không khiến nàng mất đi sự ấn tượng nơi công sở hay lúc đi chơi, dạo phố. Tối ưu đặc tính nhẹ nhàng, dịu dàng hơn cho làn da, mang đến sự quyến rũ cho người mặc tôn lên vóc dáng hoàn hảo cho mỗi người. Chất liệu:70% Polyester 30% cotton"
M0000006,Áo sơ mi công sở vải thô kate dáng suông cổ đức tay dài có túi ngực thêu hoạ tiết trang trí,558900,798400,Trắng,"Áo dễ phối,Áo sơ mi","S,M,L,XL","Mẫu áo sơ mi là thiết kế độc quyền của Pantio. mang đến cho nàng sự chỉn chu chuyên nghịệp mà không mất đi nét nữ tính, thời thượng. Làm nàng nổi bật nét đẹp, ấn tượng giữa đám đông. Chất liệu:Thô kate - 100% cotton"
M0000007,"Áo sơ mi dáng suông, cổ tròn xếp bèo cao, nẹp cài khuy, nhún cửa tay, tay dài, buộc nơ cổ",481600,688000,"Xanh,Trắng","Áo dễ phối,Áo sơ mi","S,M","Phong cách trẻ trung hiện đại dễ dàng mix với nhiều trang phục khác nhau như chân váy, quần... chắc chắn sẽ không khiến nàng mất đi sự ấn tượng nơi công sở hay lúc đi chơi, dạo phố. Tối ưu đặc tính nhẹ nhàng, dịu dàng hơn cho làn da, mang đến sự quyến rũ cho người mặc tôn lên vóc dáng hoàn hảo cho mỗi người. Chất liệu:70% polyester 30% tencen"
M0000008,Áo sơ mi công sở vải thô lụa dáng suông cổ kiểu eo phối vạt thắt nơ tạo kiểu,342000,488600,Trắng,"Áo dễ phối,Áo sơ mi","S,M,L,XL","Mẫu áo somi là thiết kế độc quyền của Pantio. mang đến cho nàng sự chỉn chu chuyên nghịệp mà không mất đi nét nữ tính, thời thượng. Làm nàng nổi bật nét đẹp, ấn tượng giữa đám đông. Chất liệu:Thô lụa - 70% Polyester 30% cotton"
M0000009,Áo sơ mi công sở vải tơ dáng suông cổ đức tay dài thân áo phối ren lưới tạo kiểu cài khuy thân trước,628600,898000,"Đen,Trắng","Áo dễ phối,Áo sơ mi","S,M,L,XL","Mẫu áo somi là thiết kế độc quyền của Pantio. mang đến cho nàng sự chỉn chu chuyên nghịệp mà không mất đi nét nữ tính, thời thượng. Làm nàng nổi bật nét đẹp, ấn tượng giữa đám đông. Chất liệu:Vải tơ - 80% polyester 20% tencel"
M0000010,Áo sơ mi công sở vải lụa bóng cổ kiểu đính đá trang trí thân áo phối bèo tạo kiểu,459600,656600,Trắng,"Áo dễ phối,Áo sơ mi","S,M,L","Mẫu áo sơ mi là thiết kế độc quyền của Pantio. mang đến cho nàng sự chỉn chu chuyên nghịệp mà không mất đi nét nữ tính, thời thượng. Làm nàng nổi bật nét đẹp, ấn tượng giữa đám đông. Chất liệu:Lụa bóng - 99% Polyester - 1% Spandex"
M0000326,Áo len thời trang cao cấp dáng suông cổ tròn thân áo hoạ tiết đính khuy đá tạo kiểu,578200,826000,"Đỏ,Đen,Trắng","Áo dễ phối,Áo len",FS,"Mẫu áo len là thiết kế độc quyền của Pantio. mang đến cho nàng sự chỉn chu chuyên nghịệp mà không mất đi nét nữ tính, thời thượng. Làm nàng nổi bật nét đẹp, ấn tượng giữa đám đông. Chất liệu:"
M0000327,Áo len thời trang cao cấp dáng lửng cổ tròn hoạ tiết kẻ ngang,628600,898000,"Kem,Xanh,Đen,Trắng","Áo dễ phối,Áo len",FS,"Mẫu áo len là thiết kế độc quyền của Pantio. mang đến cho nàng sự chỉn chu chuyên nghịệp mà không mất đi nét nữ tính, thời thượng. Làm nàng nổi bật nét đẹp, ấn tượng giữa đám đông. Chất liệu:50% viscose 25% nylon 25% polyamide"
M0000328,Áo khoác len thời trang cao cấp vải len nhũ dáng suông cổ tròn thân áo có nắp túi ốp tạo kiểu đính đá,578200,826000,"Hồng,Xanh,Trắng","Áo dễ phối,Áo len",FS,"Mẫu áo khoác len là thiết kế độc quyền của Pantio. mang đến cho nàng sự chỉn chu chuyên nghịệp mà không mất đi nét nữ tính, thời thượng. Làm nàng nổi bật nét đẹp, ấn tượng giữa đám đông. Chất liệu:"
M0000329,Áo len thời trang cao cấp dáng suông cổ tròn tay bồng nhẹ,537600,768000,"Ghi,Tím,Đen,Trắng","Áo dễ phối,Áo len",FS,"Mẫu áo len là thiết kế độc quyền của Pantio. mang đến cho nàng sự chỉn chu chuyên nghịệp mà không mất đi nét nữ tính, thời thượng. Làm nàng nổi bật nét đẹp, ấn tượng giữa đám đông. Chất liệu:"
M0000330,Áo khoác len thời trang cao cấp dáng suông cổ tròn thân áo đính khuy đá trang trí,628600,898000,"Vàng,Hồng,Tím,Trắng","Áo dễ phối,Áo len",FS,"Mẫu áo khoác len là thiết kế độc quyền của Pantio. mang đến cho nàng sự chỉn chu chuyên nghịệp mà không mất đi nét nữ tính, thời thượng. Làm nàng nổi bật nét đẹp, ấn tượng giữa đám đông. Chất liệu:100% nylon"
M0000331,Áo khoác len thời trang cao cấp dáng dài có mũ thân áo có túi,631100,901600,"Đỏ,Xanh,Đen,Trắng","Áo dễ phối,Áo len",FS,"Mẫu áo khoác len là thiết kế độc quyền của Pantio. mang đến cho nàng sự chỉn chu chuyên nghịệp mà không mất đi nét nữ tính, thời thượng. Làm nàng nổi bật nét đẹp, ấn tượng giữa đám đông. Chất liệu:57% Acrylic 28% PBT 15% polyamide"
M0000332,Áo len thời trang cao cấp dáng suông cổ cao lệch vai,628600,898000,"Cam,Xanh,Đen,Trắng","Áo dễ phối,Áo len",FS,"Mẫu áo len là thiết kế độc quyền của Pantio. mang đến cho nàng sự chỉn chu chuyên nghịệp mà không mất đi nét nữ tính, thời thượng. Làm nàng nổi bật nét đẹp, ấn tượng giữa đám đông. Chất liệu:50% viscose 25% polyester 25% nylon"
M0000333,Áo khoác len thời trang cao cấp dáng ôm cài khuy thân trước,440000,628600,"Ghi,Cam,Đỏ,Xanh,Đen","Áo dễ phối,Áo len",FS,"Mẫu áo khoác len là thiết kế độc quyền của Pantio. mang đến cho nàng sự chỉn chu chuyên nghịệp mà không mất đi nét nữ tính, thời thượng. Làm nàng nổi bật nét đẹp, ấn tượng giữa đám đông. Chất liệu:65% cotton 35%nylon"
M0000334,Áo len thời trang cao cấp dáng suông cổ đức tay ngắn bo gấu kèm áo hai dây,838600,1198000,"Xanh,Đen,Trắng","Áo dễ phối,Áo len","M,L,XL","Mẫu áo len là thiết kế độc quyền của Pantio. mang đến cho nàng sự chỉn chu chuyên nghịệp mà không mất đi nét nữ tính, thời thượng. Làm nàng nổi bật nét đẹp, ấn tượng giữa đám đông. Chất liệu:"
M0000335,Áo len thời trang cao cấp dáng ôm cổ tròn tay lỡ,607600,868000,"Hồng,Xanh,Đen,Trắng","Áo dễ phối,Áo len",FS,"Mẫu áo len là thiết kế độc quyền của Pantio. mang đến cho nàng sự chỉn chu chuyên nghịệp mà không mất đi nét nữ tính, thời thượng. Làm nàng nổi bật nét đẹp, ấn tượng giữa đám đông. Chất liệu:"
M0000270,Áo thun cotton dáng croptop cổ đức ngực áo thêu hoạ tiết thời trang,348600,498000,"Xanh 1,Trắng",Áo dệt kim,"M,L,XL,XXL","Mẫu áo thun là thiết kế độc quyền của Pantio. mang đến cho nàng sự chỉn chu chuyên nghịệp mà không mất đi nét nữ tính, thời thượng. Làm nàng nổi bật nét đẹp, ấn tượng giữa đám đông. Chất liệu:Cotton - 100% polyester"
M0000271,Áo thun thời trang cao cấp vải len dáng ôm cổ đức bản to cài khuy tay lỡ thân áo hoạ tiết đường kẻ,337100,481600,"Nâu,Trắng",Áo dệt kim,"S,M,L,XL","Mẫu áo thun là thiết kế độc quyền của Pantio. mang đến cho nàng sự chỉn chu chuyên nghịệp mà không mất đi nét nữ tính, thời thượng. Làm nàng nổi bật nét đẹp, ấn tượng giữa đám đông. Chất liệu:Vải len - 98% polyester - 2 % spandex"
M0000272,Áo thun thời trang cao cấp dáng ôm cổ tròn tay dài ngực xoắn tạo kiểu,376600,538000,"Đỏ,Đen,Trắng",Áo dệt kim,"S,M,L,XL","Mẫu áo thun là thiết kế độc quyền của Pantio. mang đến cho nàng sự chỉn chu chuyên nghịệp mà không mất đi nét nữ tính, thời thượng. Làm nàng nổi bật nét đẹp, ấn tượng giữa đám đông. Chất liệu:95% polyester 5% spandex"
M0000273,Áo thun vải thô chun dáng ôm co giãn cổ kiểu bản to đính hoa tạo kiểu gấu tay loe thời trang,418600,598000,"Đen,Trắng",Áo dệt kim,"S,M,L,XL","Mẫu áo thun là thiết kế độc quyền của Pantio. mang đến cho nàng sự chỉn chu chuyên nghịệp mà không mất đi nét nữ tính, thời thượng. Làm nàng nổi bật nét đẹp, ấn tượng giữa đám đông.  Chất liệu:Thô chun - 99% Polyester - 1% Spandex"
M0000274,Áo thun cotton dáng ôm cổ thuyền tay dài,257600,368000,"Đen,Nâu,Trắng",Áo dệt kim,"M,L,XL,XXL","Mẫu áo thun là thiết kế độc quyền của Pantio. mang đến cho nàng sự chỉn chu chuyên nghịệp mà không mất đi nét nữ tính, thời thượng. Làm nàng nổi bật nét đẹp, ấn tượng giữa đám đông. Chất liệu:95% cotton 5% spandex"
M0000275,"Áo dáng ôm, cổ lệch, tay cộc, gấu lệch, dún vai, dây đai buộc rời",208600,298000,Đen,Áo dệt kim,"S,M","Phong cách trẻ trung hiện đại dễ dàng mix với nhiều trang phục khác nhau như chân váy, quần... chắc chắn sẽ không khiến nàng mất đi sự ấn tượng nơi công sở hay lúc đi chơi, dạo phố. Tối ưu đặc tính nhẹ nhàng, dịu dàng hơn cho làn da, mang đến sự quyến rũ cho người mặc tôn lên vóc dáng hoàn hảo cho mỗi người.  Chất liệu:97% Polyester - 3% Spandex"
M0000276,Áo thun vải Cotton dáng croptop tay lửng ngực áo in hoạ tiết trang trí,244000,348600,"Vàng,Đen,Trắng",Áo dệt kim,"S,M,L,XL","Mẫu áo thun là thiết kế độc quyền của Pantio. mang đến cho nàng sự chỉn chu chuyên nghịệp mà không mất đi nét nữ tính, thời thượng. Làm nàng nổi bật nét đẹp, ấn tượng giữa đám đông. Chất liệu:Cotton - 75% cotton 25% sorona"
M0000277,Áo thun vải len co giãn dáng ôm cổ thuyền ống tay loe vạt nhọn tạo kiểu,418600,598000,"Đen,Trắng",Áo dệt kim,"S,M,L,XL","Mẫu áo thun là thiết kế độc quyền của Pantio. mang đến cho nàng sự chỉn chu chuyên nghịệp mà không mất đi nét nữ tính, thời thượng. Làm nàng nổi bật nét đẹp, ấn tượng giữa đám đông. Chất liệu:Vải len - 90% polysete 10% spadex"
M0000278,Áo thun vải len co giãn dáng ôm cổ đức xẻ V ngực xoắn tạo kiểu,558600,798000,"Đen,Trắng",Áo dệt kim,"S,M,L,XL","Mẫu áo thun là thiết kế độc quyền của Pantio. mang đến cho nàng sự chỉn chu chuyên nghịệp mà không mất đi nét nữ tính, thời thượng. Làm nàng nổi bật nét đẹp, ấn tượng giữa đám đông. Chất liệu:Vải len - 93% polyester 7% spandex"
M0000279,Áo thun dệt kim thời trang cao cấp dáng ôm cổ tròn họa tiết thêu trước ngực,558600,798000,"Kem,Đen",Áo dệt kim,"S,M,L,XL","Mẫu áo thun là thiết kế độc quyền của Pantio. mang đến cho nàng sự chỉn chu chuyên nghịệp mà không mất đi nét nữ tính, thời thượng. Làm nàng nổi bật nét đẹp, ấn tượng giữa đám đông. Chất liệu:60% polyester 40% viscose"
M0000321,Áo hai dây vải lụa dáng suông cổ V phối dây kim loại trang trí,262100,374400,"Nâu,Xanh,Xanh 1,Đen,Trắng","Áo dễ phối,Áo hai dây","S,M,L,XL","Mẫu áo là thiết kế độc quyền của Pantio. mang đến cho nàng sự chỉn chu chuyên nghịệp mà không mất đi nét nữ tính, thời thượng. Làm nàng nổi bật nét đẹp, ấn tượng giữa đám đông. Chất liệu:Lụa - 100% Polyester"
M0000322,Áo hai dây dáng suông vải lụa tằm cổ đổ tạo kiểu,200500,286400,"Kem,Xanh,Trắng,Đỏ,Hồng 1,Đen,Cam,Hồng,Xanh 1","Áo dễ phối,Áo hai dây","S,M,L,XL","Mẫu áo hai dây là thiết kế độc quyền của Pantio. mang đến cho nàng sự chỉn chu chuyên nghịệp mà không mất đi nét nữ tính, thời thượng. Làm nàng nổi bật nét đẹp, ấn tượng giữa đám đông. Chất liệu:Lụa tằm - 100% Polyester"
M0000323,Bộ đồ ngủ vải lụa dáng suông áo hai dây thân sau đan chéo tạo kiểu quần cạp chun gấu phối bèo,139300,199000,"Đỏ,Hồng,Xanh,Trắng","Áo dễ phối,Áo hai dây","M,L,XL,XXL","Bộ ngủ mặc ở nhà được may từ chất liệu cotton có khả năng hút ẩm cực kỳ tốt, rất mát mẻ, tạo cảm giác thoải mái tự nhiên cho người sử dụng và phù hợp với nhiều điều kiện khí hậu của người Việt. Với thiết kế đơn giản mà tinh tế, sản phẩm mang đến cho phái đẹp nét gọn gàng và duyên dáng.nbsp;Chất liệu:Lụa - 100% Polyester"
M0000324,Áo hai dây vải lụa dáng suông cổ đổ tạo kiểu,250600,358000,"Xanh 1,Kem,Hồng,Kem 1,Xanh,Trắng,Đỏ,Đen","Áo dễ phối,Áo hai dây","S,M,L,XL","Mẫu áo là thiết kế độc quyền của Pantio. mang đến cho nàng sự chỉn chu chuyên nghịệp mà không mất đi nét nữ tính, thời thượng. Làm nàng nổi bật nét đẹp, ấn tượng giữa đám đông.chất liệu:Lụa - 97% Polyester 3% Spandex"
M0000325,Đầm ngủ vải thô dáng suông hai dây eo bo chun xẻ lệch bên tạo kiểu,139300,199000,"Tím,Đỏ,Đen","Áo dễ phối,Áo hai dây","S,M,L,XL,XXL","Đây là một trong những kiểu đầm nổi bật, có phong cách rất riêng và rất được phái đẹp ưa chuộng. Với một chiếc đầm như vậy trong tủ đồ, quý cô chẳng cần phải lo nghĩ quá nhiều cho hình ảnh của mình. Bởi dù bạn có kết hợp đồ thế nào thì nó vẫn khiến vẻ ngoài của bạn thật sự thu hút.chất liệu:Thô - 100% Cotton"
M0000246,Áo dài truyền thống vải gấm dáng suông cổ tròn tay lỡ đính hoa 3D khoá thân sau,915300,1307600,"Cam,Xanh","Áo nổi bật,Áo dài","M,L,XL,XXL,S","Tựa như sự kết hợp giữa truyền thống và hiện đại mang đến cho nàng sự chỉn chu chuyên nghịệp mà không mất đi nét nữ tính, thời thượng. Mẫu áo dài truyền thống vải lụa dáng ôm kết hợp cổ tròn, kèm theo thân đính hoa 3D là thiết kế độc quyền của Pantion Chất liệu:Gấm hoa - 100% polyester"
M0000247,Áo dài truyền thống vải lụa tằm dáng suông cổ tàu tay lỡ thân áo đính hoa 3D trang trí khoá thân sau,823200,1176000,"Vàng,Đỏ","Áo nổi bật,Áo dài","S,M,L,XL,XXL","Tựa như sự kết hợp giữa truyền thống và hiện đại mang đến cho nàng sự chỉn chu chuyên nghịệp mà không mất đi nét nữ tính, thời thượng. Mẫu áo dài truyền thống vải lụa dáng ôm kết hợp cổ tròn, kèm theo thân đính hoa 3D là thiết kế độc quyền của Pantio. Chất liệu:Lụa tằm - 100% polyester"
M0000248,Áo dài cách tân vải tơ dáng suông cổ tàu hai tà thân áo đính ngọc trai trang trí khoá thân sau,1456000,2080000,"Đỏ,Xanh","Áo nổi bật,Áo dài","S,M,L,XL,XXL","Tựa như sự kết hợp giữa truyền thống và hiện đại mang đến cho nàng sự chỉn chu chuyên nghịệp mà không mất đi nét nữ tính, thời thượng. Mẫu áo dài truyền thống vải lụa dáng ôm kết hợp cổ tròn, kèm theo thân đính hoa 3D là thiết kế độc quyền của Pantion Chất liệu:Vải tơ - 100% polyester"
M0000249,Áo dài cách tân vải tơ dáng suông hai tà cổ tàu tay loe thân áo phối dây tua rua trang trí khoá thân sau,921200,1316000,"Ghi,Xanh,Xanh 1","Áo nổi bật,Áo dài","S,M,L,XL","Tựa như sự kết hợp giữa truyền thống và hiện đại mang đến cho nàng sự chỉn chu chuyên nghịệp mà không mất đi nét nữ tính, thời thượng. Mẫu áo dài truyền thống vải lụa dáng ôm kết hợp cổ tròn, kèm theo thân đính hoa 3D là thiết kế độc quyền của Pantion Chất liệu:Vải tơ - 70% polyeste 30% tencen"
M0000250,Áo dài cách tân vải tơ cổ tàu tay loe thân áo thêu hoa kèm dây tua rua trang trí,1062900,1518400,"Kem,Cam,Tím","Áo nổi bật,Áo dài","S,M,L,XL,XXL","Tựa như sự kết hợp giữa truyền thống và hiện đại mang đến cho nàng sự chỉn chu chuyên nghịệp mà không mất đi nét nữ tính, thời thượng. Mẫu áo dài truyền thống vải lụa dáng ôm kết hợp cổ tròn, kèm theo thân đính hoa 3D là thiết kế độc quyền của Pantion Chất liệu:Vải tơ - 88% Tencel 12% Polyester"
M0000251,Áo dài cách tân vải tơ dáng suông cổ tàu tay lỡ vai bồng nhẹ hai tà đính hoa 3D khoá thân sau,804300,1149000,"Ghi,Cam","Áo nổi bật,Áo dài","S,M,L,XL,XXL","Tựa như sự kết hợp giữa truyền thống và hiện đại mang đến cho nàng sự chỉn chu chuyên nghịệp mà không mất đi nét nữ tính, thời thượng. Mẫu áo dài truyền thống vải lụa dáng ôm kết hợp cổ tròn, kèm theo thân đính hoa 3D là thiết kế độc quyền của Pantion Chất liệu:Vải tơ 70% polyeste 30% tencen"
M0000252,Áo dài truyền thống vải lụa dáng ôm cổ tròn tết tạo kiểu thân đính hoa 3D trang trí khóa thân sau,583800,834000,"Đỏ,Xanh","Áo nổi bật,Áo dài","S,M,L,XL","Tựa như sự kết hợp giữa truyền thống và hiện đại mang đến cho nàng sự chỉn chu chuyên nghịệp mà không mất đi nét nữ tính, thời thượng. Mẫu áo dài truyền thống vải lụa dáng ôm kết hợp cổ tròn, kèm theo thân đính hoa 3D là thiết kế độc quyền của Pantionbsp;Chất liệu:Lụa - 100% Polyester"
M0000253,Áo dài cách tân vải lụa tơ dáng suông hai lớp cổ cao 3cm đầu vuông thân đính hoa 3D tạo kiểu khóa thân sau,930000,1328600,"Vàng,Hồng","Áo nổi bật,Áo dài","S,M,L,XL","Tựa như sự kết hợp giữa truyền thống và hiện đại mang đến cho nàng sự chỉn chu chuyên nghịệp mà không mất đi nét nữ tính, thời thượng. Mẫu áo dài này là thiết kế độc quyền của Pantio.Chất liệu:Lụa - Vải 100% polyester"
M0000254,Áo dài cách tân dáng ôm vải tơ hai tà cổ vuông 2cm tay lỡ bồng nhẹ khóa thân sau,699300,999000,"Kem,Hồng,Xanh","Áo nổi bật,Áo dài","S,M,L,XL","Mẫu áo dài là thiết kế độc quyền của Pantio, mang đến cho nàng sự chỉn chu chuyên nghịệp mà không mất đi nét nữ tính, thời thượng. Làm nàng nổi bật nét đẹp, ấn tượng giữa đám đông.chất liệu:Tơ - 100% Polyester"
M0000255,Áo dài cách tân vải gấm dáng suông cổ truyền thống cao 2cm tay loe khóa thân sau,415800,594000,"Hồng,Xanh,Xanh 1","Áo nổi bật,Áo dài","S,M,L,XL","Mẫu áo dài là thiết kế độc quyền của Pantio, mang đến cho nàng sự chỉn chu chuyên nghịệp mà không mất đi nét nữ tính, thời thượng. Làm nàng nổi bật nét đẹp, ấn tượng giữa đám đông.Chất liệu:Gấm - 100% Polyester"
M0000187,Áo kiểu gile công sở vải thô dáng ôm cổ xẻ V cài khuy thân trước,628600,898000,"Ghi,Nâu,Đen","Áo nổi bật,Áo demi","S,M,L,XL","Mẫu áo kiểu công sở là thiết kế độc quyền của Pantio. mang đến cho nàng sự chỉn chu chuyên nghịệp mà không mất đi nét nữ tính, thời thượng. Làm nàng nổi bật nét đẹp, ấn tượng chốn công sở. Chất liệu:Thô - 98% polyester - 2 % spandex"
M0000188,"Áo demi dáng suông, cổ tròn, tay dài, vai chờm, túi cơi ngực giả, túi ốp nắp giả",488600,698000,"Đen,Kem","Áo nổi bật,Áo demi","S,M","Phong cách trẻ trung hiện đại dễ dàng mix với nhiều trang phục khác nhau như chân váy, quần... chắc chắn sẽ không khiến nàng mất đi sự ấn tượng nơi công sở hay lúc đi chơi, dạo phố. Tối ưu đặc tính nhẹ nhàng, dịu dàng hơn cho làn da, mang đến sự quyến rũ cho người mặc tôn lên vóc dáng hoàn hảo cho mỗi người. Chất liệu:80% Polyester 20% Nylon"
M0000189,Áo khoác vải dạ tweed cổ đức thân đính khuy đá trang trí,1036000,1480000,"Hồng,Trắng","Áo nổi bật,Áo demi","S,M,L,XL","Phong cách trẻ trung hiện đại dễ dàng mix với nhiều trang phục khác nhau như chân váy, quần... chắc chắn sẽ không khiến nàng mất đi sự ấn tượng nơi công sở hay lúc đi chơi, dạo phố. Tối ưu đặc tính nhẹ nhàng, dịu dàng hơn cho làn da, mang đến sự quyến rũ cho người mặc tôn lên vóc dáng hoàn hảo cho mỗi người. Chất liệu:DẠ TWED - 100% polyester"
M0000190,Áo khoác vải dạ Tweed dáng lửng gấu áo phối tua rua tạo kiểu thân áo đính khuy trang trí,1181600,1688000,"Đỏ,Trắng","Áo nổi bật,Áo demi","S,M,L,XL","Mẫu áo khoác là thiết kế độc quyền của Pantio. mang đến cho nàng sự chỉn chu chuyên nghịệp mà không mất đi nét nữ tính, thời thượng. Làm nàng nổi bật nét đẹp, ấn tượng giữa đám đông. Chất liệu:Dạ Tweed - 100% polyester"
M0000191,Áo kiểu công sở vải thô hai lớp lót habutai dáng suông cổ hai ve thân áo phối khuy bọc,908600,1298000,"Nâu,Đen","Áo nổi bật,Áo demi","S,M,L,XL","Mẫu áo kiểu công sở là thiết kế độc quyền của Pantio. mang đến cho nàng sự chỉn chu chuyên nghịệp mà không mất đi nét nữ tính, thời thượng. Làm nàng nổi bật nét đẹp, ấn tượng chốn công sở.  Chất liệu:Vải thô - 94% polyester 6% spandex"
M0000192,Áo khoác kiểu công sở vải thô xốp hai lớp lót habutai cổ tròn tay lửng kèm hoa cài trang trí,440000,628600,"Tím,Đen,Trắng","Áo nổi bật,Áo demi","S,M,L,XL,XXL","Mẫu áo khoác là thiết kế độc quyền của Pantio. mang đến cho nàng sự chỉn chu chuyên nghịệp mà không mất đi nét nữ tính, thời thượng. Làm nàng nổi bật nét đẹp, ấn tượng giữa đám đông. Chất liệu:Thô xốp - 100% polyester"
M0000193,Áo vest công sở ngắn tay vải thô dáng suông cổ hai ve thân áo phối khuy bọc có túi,448000,640000,"Nâu,Xanh","Áo nổi bật,Áo demi","S,M,L","Mẫu áo vest là thiết kế độc quyền của Pantio. mang đến cho nàng sự chỉn chu chuyên nghịệp mà không mất đi nét nữ tính, thời thượng. Làm nàng nổi bật nét đẹp, ấn tượng giữa đám đông. Chất liệu:Vải Thô - 79% Polyester 21% Viscose"
M0000194,Áo vest công sở vải tuytsi dáng suông cổ hai ve có túi,685000,978600,"Nâu,Đen","Áo nổi bật,Áo demi","M,S,L","Mẫu áo vest là thiết kế độc quyền của Pantio. mang đến cho nàng sự chỉn chu chuyên nghịệp mà không mất đi nét nữ tính, thời thượng. Làm nàng nổi bật nét đẹp, ấn tượng giữa đám đông. Chất liệu:Tuytsi - 81% Polyester 19% Rayon"
M0000195,Áo vest gile công sở vải tuytsi dáng suông có lót vải habutai cổ hai ve thân có túi,349300,499000,"Đen,Trắng","Áo nổi bật,Áo demi","S,M,L","Mẫu áo là thiết kế độc quyền của Pantio. mang đến cho nàng sự chỉn chu chuyên nghịệp mà không mất đi nét nữ tính, thời thượng. Làm nàng nổi bật nét đẹp, ấn tượng giữa đám đông.  Chất liệu:Tuytsi - 95% Polyester 5% Spandex"
M0000196,Áo vest công sở vải thô đũi dáng suông cổ hai ve cài cúc thân có túi,209300,299000,"Xanh,Đen,Trắng","Áo nổi bật,Áo demi","S,M","Mẫu áo vest là thiết kế độc quyền của Pantio. mang đến cho nàng sự chỉn chu chuyên nghịệp mà không mất đi nét nữ tính, thời thượng. Làm nàng nổi bật nét đẹp, ấn tượng giữa đám đông.nbsp;Chất liệu:Thô đũi - 70% Polyester 30% Cotton"
M0000151,Áo vest công sở vải thô dáng ôm cổ hai ve có đệm vai thân áo ốp túi hai bên tạo kiểu cài khuy thân trước,1258600,1798000,"Đen,Trắng","Áo nổi bật,Áo vest","S,M,L,XL","Mẫu áo vest là thiết kế độc quyền của Pantio. mang đến cho nàng sự chỉn chu chuyên nghịệp mà không mất đi nét nữ tính, thời thượng. Làm nàng nổi bật nét đẹp, ấn tượng giữa đám đông. Chất liệu:Vải thô - 80% polyester 20% tencel"
M0000152,Áo Vest công sở vải tuyp xy dáng suông cổ hai ve tay cộc sau lưng xẻ tà tạo kiểu,978600,1398000,"Xanh,Đen,Trắng","Áo nổi bật,Áo vest","S,M,L","Mẫu áo vest là thiết kế độc quyền của Pantio. mang đến cho nàng sự chỉn chu chuyên nghịệp mà không mất đi nét nữ tính, thời thượng. Làm nàng nổi bật nét đẹp, ấn tượng chốn công sở.  Chất liệu:Tuyp xy - 85% Polyester 15% Rayon"
M0000153,Áo vest công sở vải thô đũi dáng suông có lót vải lụa thân mí gân tạo kiểu phối túi hai bên,832000,1188600,"Kem,Đen","Áo nổi bật,Áo vest","S,M,L","Mẫu áo vest là thiết kế độc quyền của Pantio. mang đến cho nàng sự chỉn chu chuyên nghịệp mà không mất đi nét nữ tính, thời thượng. Làm nàng nổi bật nét đẹp, ấn tượng giữa đám đông. Chất liệu:Thô đũi - 53% Polyester 47% Rayon"
M0000154,Áo vest công sở vải da dáng ôm nhẹ có lót vải lụa gió cổ hai ve thân có túi,559300,799000,Đen,"Áo nổi bật,Áo vest","S,M,L,XL","Mẫu áo vest là thiết kế độc quyền của Pantio. mang đến cho nàng sự chỉn chu chuyên nghịệp mà không mất đi nét nữ tính, thời thượng. Làm nàng nổi bật nét đẹp, ấn tượng giữa đám đông.Chất liệu:Da - 90% Polyester 10% Spandex"
M0000155,Áo vest công sở vải tuytsi dáng ôm có lót vải lụa gió cổ hai ve thân ngực phối vạt tạo kiểu ốp túi hai bên cài cúc,489300,699000,"Nâu,Đen","Áo nổi bật,Áo vest","M,L,XL","Mẫu áo vest là thiết kế độc quyền của Pantio. mang đến cho nàng sự chỉn chu chuyên nghịệp mà không mất đi nét nữ tính, thời thượng. Làm nàng nổi bật nét đẹp, ấn tượng giữa đám đông.nbsp;Chất liệu:Cotton - 96% Polyester 4% Spandex"
M0000156,Áo vest công sở vải thô dày dáng ôm nhẹ có lót vải lụa gió cổ hai ve gấu xếp li bản to tạo kiểu,1251600,1788000,"Đen,Trắng","Áo nổi bật,Áo vest","S,M,L,XL","Mẫu áo vest là thiết kế độc quyền của Pantio. mang đến cho nàng sự chỉn chu chuyên nghịệp mà không mất đi nét nữ tính, thời thượng. Làm nàng nổi bật nét đẹp, ấn tượng giữa đám đông.Chất liệu:Thô dày - 95% Polyester 5% Spandex"
M0000157,Áo vest công sở vải thô đũi dáng suông có lót vải lụa gió vạt tròn tạo kiểu,783000,1118600,"Xanh,Trắng,Đen","Áo nổi bật,Áo vest","S,M,L,XL","Mẫu áo vest là thiết kế độc quyền của Pantio. mang đến cho nàng sự chỉn chu chuyên nghịệp mà không mất đi nét nữ tính, thời thượng. Làm nàng nổi bật nét đẹp, ấn tượng giữa đám đông.nbsp;Chất liệu:Thô đũi - 71% Polyester 29% Rayon"
M0000158,Áo vest công sở vải phi cát dáng suông có lót vải lụa gió cổ hai ve thân có túi,489300,699000,"Kem,Đen","Áo nổi bật,Áo vest","S,M,L","Mẫu áo vest là thiết kế độc quyền của Pantio. mang đến cho nàng sự chỉn chu chuyên nghịệp mà không mất đi nét nữ tính, thời thượng. Làm nàng nổi bật nét đẹp, ấn tượng giữa đám đông.Chất liệu:Phi cát - 98% Polyester 2% Spandex"
M0000159,Áo vest nữ công sở vải thô đũi dáng ôm có lót vải lụa gió cổ hai ve,713200,1018800,"Xanh,Đen,Trắng","Áo nổi bật,Áo vest","S,M,L,XL","Mẫu áo vest là thiết kế độc quyền của Pantio. mang đến cho nàng sự chỉn chu chuyên nghịệp mà không mất đi nét nữ tính, thời thượng. Làm nàng nổi bật nét đẹp, ấn tượng giữa đám đông.nbsp;Chất liệu:Thô đũi - 78% Polyester 22% Visco"
M0000160,Áo vest nữ công sở vải thô dáng ôm có lót vải lụa gió cổ hai ve thân có túi cài cúc,1048600,1498000,"Kem,Cam,Đen","Áo nổi bật,Áo vest","S,M,L,XL","Mẫu áo vest là thiết kế độc quyền của Pantio. mang đến cho nàng sự chỉn chu chuyên nghịệp mà không mất đi nét nữ tính, thời thượng. Làm nàng nổi bật nét đẹp, ấn tượng giữa đám đông.Chất liệu:Thô - 78% Polyester 22% Rayon"
M0000422,Áo khoác lông vũ cao cấp dáng suông dài có mũ viền lông mềm thân áo có túi hai bên kèm dây đai tạo kiểu,2996000,4280000,"Kem,Đen,Trắng","Áo nổi bật,Áo khoác",FS,"Mẫu áo khoác là thiết kế độc quyền của Pantio. mang đến cho nàng sự chỉn chu chuyên nghịệp mà không mất đi nét nữ tính, thời thượng. Làm nàng nổi bật nét đẹp, ấn tượng giữa đám đông. Chất liệu:Lông vũ"
M0000423,Áo phao lông vũ cao cấp dáng suông ngắn có mũ eo phối dây rút thân áo hoạ tiết thời trang,1876000,2680000,"Nâu,Đen,Trắng","Áo nổi bật,Áo khoác",FS,"Mẫu áo khoác là thiết kế độc quyền của Pantio. mang đến cho nàng sự chỉn chu chuyên nghịệp mà không mất đi nét nữ tính, thời thượng. Làm nàng nổi bật nét đẹp, ấn tượng giữa đám đông. Chất liệu:Lông vũ"
M0000424,Áo khoác phao lông vũ cao cấp dáng suông ngắn kéo khoá có túi hai bên,1876000,2680000,"Nâu,Đen,Trắng","Áo nổi bật,Áo khoác",FS,"Mẫu áo khoác là thiết kế độc quyền của Pantio. mang đến cho nàng sự chỉn chu chuyên nghịệp mà không mất đi nét nữ tính, thời thượng. Làm nàng nổi bật nét đẹp, ấn tượng giữa đám đông. Chất liệu:Lông vũ"
M0000425,Áo phao gile cao cấp vải gió trần bông dáng suông có mũ thân kéo khóa có túi,454300,649000,"Đen,Trắng","Áo nổi bật,Áo khoác","S,M","Mẫu áo khoác là thiết kế độc quyền của Pantio. mang đến cho nàng sự chỉn chu chuyên nghịệp mà không mất đi nét nữ tính, thời thượng. Làm nàng nổi bật nét đẹp, ấn tượng giữa đám đông.Chất liệu:Gió trần bông - 100% Polyester"
M0000426,Áo phao cao cấp vải gió trần bông dáng suông không tay có mũ phối túi hai bên thân ngực,349300,499000,Xanh,"Áo nổi bật,Áo khoác","S,M","Mẫu áo khoác là thiết kế độc quyền của Pantio. mang đến cho nàng sự chỉn chu chuyên nghịệp mà không mất đi nét nữ tính, thời thượng. Làm nàng nổi bật nét đẹp, ấn tượng giữa đám đông.nbsp;Chất liệu:Gió trần bông - 100% Polyester"
M0000427,Áo khoác len lông cao cấp dáng croptop bom nhẹ tay dài,489000,698600,"Hồng,Xanh,Đỏ,Trắng","Áo nổi bật,Áo khoác","M,L","Mẫu áo khoác là thiết kế độc quyền của Pantio. mang đến cho nàng sự chỉn chu chuyên nghịệp mà không mất đi nét nữ tính, thời thượng. Làm nàng nổi bật nét đẹp, ấn tượng giữa đám đông.Chất liệu:Len cao cấp - 65% Rayon 35% Nylon"
M0000428,Áo khoác da cao cấp dáng suông có lót vải lụa gió cổ đức cầu vai phối đai tạo kiểu,1356300,1937600,"Nâu,Đen","Áo nổi bật,Áo khoác","M,L","Mẫu áo khoác là thiết kế độc quyền của Pantio. mang đến cho nàng sự chỉn chu chuyên nghịệp mà không mất đi nét nữ tính, thời thượng. Làm nàng nổi bật nét đẹp, ấn tượng giữa đám đông.Chất liệu:Da cao cấp - 100% Polyester"
M0000429,Áo khoác da cao cấp dáng croptop cổ tròn phối túi thân ngực tạo kiểu,1041600,1488000,"Nâu,Đen","Áo nổi bật,Áo khoác","M,L","Mẫu áo khoác là thiết kế độc quyền của Pantio. mang đến cho nàng sự chỉn chu chuyên nghịệp mà không mất đi nét nữ tính, thời thượng. Làm nàng nổi bật nét đẹp, ấn tượng giữa đám đông.nbsp;Chất liệu:Da cao cấp - 100% Polyester"
M0000430,Áo phao lông vũ cao cấp dáng dài cổ hai lớp tạo kiểu thân phối dây buộc eo,2786000,3980000,"Nâu,Đen","Áo nổi bật,Áo khoác","S,M,L","Mẫu áo khoác là thiết kế độc quyền của Pantio. mang đến cho nàng sự chỉn chu chuyên nghịệp mà không mất đi nét nữ tính, thời thượng. Làm nàng nổi bật nét đẹp, ấn tượng giữa đám đông.nbsp;Chất liệu:Lông V 90/10"
M0000431,Áo phao lông vũ cao cấp dáng dài có mũ thân rút eo tạo kiểu có túi hai bên,2228800,3184000,"Nâu,Đen,Trắng","Áo nổi bật,Áo khoác","S,M","Mẫu áo khoác là thiết kế độc quyền của Pantio. mang đến cho nàng sự chỉn chu chuyên nghịệp mà không mất đi nét nữ tính, thời thượng. Làm nàng nổi bật nét đẹp, ấn tượng giữa đám đông.nbsp;Chất liệu:Lông V 90/10"
M0000458,Áo mangto dạ lông cừu cao cấp dáng suông cổ hai ve kèm đai da tạo kiểu,3976000,5680000,"Kem,Nâu,Đỏ","Áo nổi bật,Áo mangto","FS,S,M","Phong cách trẻ trung hiện đại dễ dàng mix với nhiều trang phục khác nhau như chân váy, quần... chắc chắn sẽ không khiến nàng mất đi sự ấn tượng nơi công sở hay lúc đi chơi, dạo phố. Tối ưu đặc tính nhẹ nhàng, dịu dàng hơn cho làn da, mang đến sự quyến rũ cho người mặc tôn lên vóc dáng hoàn hảo cho mỗi người. Chất liệu:100% Wool"
M0000459,Áo khoác dạ lông cừu cao cấp dáng suông cổ bẻ kéo khóa thân phối túi kiểu trang trí,2791600,3988000,"Trắng,Nâu,Đen","Áo nổi bật,Áo mangto","S,M","Mẫu áo khoác là thiết kế độc quyền của Pantio. mang đến cho nàng sự chỉn chu chuyên nghịệp mà không mất đi nét nữ tính, thời thượng. Làm nàng nổi bật nét đẹp, ấn tượng giữa đám đông.nbsp;Chất liệu:Dạ lông cừu cao cấp - 100% Wool"
M0000460,Áo khoác công sở vải tuytsi dáng suông có lót vải lụa gió cổ hai ve phối hai lớp thân ngực tạo kiểu kèm đai thắt lưng,1007200,1438800,"Nâu,Đen","Áo nổi bật,Áo mangto","S,M,L","Mẫu áo khoác là thiết kế độc quyền của Pantio. mang đến cho nàng sự chỉn chu chuyên nghịệp mà không mất đi nét nữ tính, thời thượng. Làm nàng nổi bật nét đẹp, ấn tượng giữa đám đông.Chất liệu:Tuytsi - 70% Polyester 30% Rayon"
M0000461,Áo mangto dạ lông cừu cao cấp dáng suông cổ bẻ ve to thân phối dây ren tạo kiểu,3848600,5498000,"Xanh,Nâu","Áo nổi bật,Áo mangto","S,M","Phong cách trẻ trung hiện đại dễ dàng mix với nhiều trang phục khác nhau như chân váy, quần... chắc chắn sẽ không khiến nàng mất đi sự ấn tượng nơi công sở hay lúc đi chơi, dạo phố. Tối ưu đặc tính nhẹ nhàng, dịu dàng hơn cho làn da, mang đến sự quyến rũ cho người mặc tôn lên vóc dáng hoàn hảo cho mỗi người.chất liệu: Dạ lông cừu cao cấp - 100% Wool"
M0000462,Áo mangto dạ lông cừu cao cấp dáng ôm nhẹ cổ hai ve ngực phối vải da trang trí khuy kiểu,2783200,3976000,"Kem,Xanh","Áo nổi bật,Áo mangto","S,M,L","Phong cách trẻ trung hiện đại dễ dàng mix với nhiều trang phục khác nhau như chân váy, quần... chắc chắn sẽ không khiến nàng mất đi sự ấn tượng nơi công sở hay lúc đi chơi, dạo phố. Tối ưu đặc tính nhẹ nhàng, dịu dàng hơn cho làn da, mang đến sự quyến rũ cho người mặc tôn lên vóc dáng hoàn hảo cho mỗi người.chất liệu: Dạ lông cừu cao cấp - 100% Wool"
M0000463,Áo mangto dạ lông cừu cao cấp dáng suông cổ bẻ ve to phối dây nơ tạo kiểu,2440200,3486000,"Vàng,Đỏ,Xanh","Áo nổi bật,Áo mangto","S,M,L","Phong cách trẻ trung hiện đại dễ dàng mix với nhiều trang phục khác nhau như chân váy, quần... chắc chắn sẽ không khiến nàng mất đi sự ấn tượng nơi công sở hay lúc đi chơi, dạo phố. Tối ưu đặc tính nhẹ nhàng, dịu dàng hơn cho làn da, mang đến sự quyến rũ cho người mặc tôn lên vóc dáng hoàn hảo cho mỗi người.chất liệu: Dạ lông cừu cao cấp - 100% Wool"
M0000464,Áo mangto dạ lông cừu cao cấp dáng suông cổ hai ve phối khuy trang trí kèm đai tạo kiểu,3976000,5680000,"Vàng,Nâu","Áo nổi bật,Áo mangto","S,M,L","Phong cách trẻ trung hiện đại dễ dàng mix với nhiều trang phục khác nhau như chân váy, quần... chắc chắn sẽ không khiến nàng mất đi sự ấn tượng nơi công sở hay lúc đi chơi, dạo phố. Tối ưu đặc tính nhẹ nhàng, dịu dàng hơn cho làn da, mang đến sự quyến rũ cho người mặc tôn lên vóc dáng hoàn hảo cho mỗi người.chất liệu:Dạ lông cừu cao cấp - 100% Wool"
M0000465,Áo mangto dạ lông cừu cao cấp dáng suông cổ hai ve phối túi ốp pha da hai bên,2440200,3486000,"Trắng,Kem,Đen","Áo nổi bật,Áo mangto","S,M","Phong cách trẻ trung hiện đại dễ dàng mix với nhiều trang phục khác nhau như chân váy, quần... chắc chắn sẽ không khiến nàng mất đi sự ấn tượng nơi công sở hay lúc đi chơi, dạo phố. Tối ưu đặc tính nhẹ nhàng, dịu dàng hơn cho làn da, mang đến sự quyến rũ cho người mặc tôn lên vóc dáng hoàn hảo cho mỗi người.chất liệu:Dạ lông cừu cao cấp - 100% Wool"
M0000466,Áo mangto dạ lông cừu cao cấp dáng suông cổ bẻ ve to phối khuy trang trí kèm đai tạo kiểu,4186000,5980000,"Ghi,Đen,Nâu","Áo nổi bật,Áo mangto","S,M","Phong cách trẻ trung hiện đại dễ dàng mix với nhiều trang phục khác nhau như chân váy, quần... chắc chắn sẽ không khiến nàng mất đi sự ấn tượng nơi công sở hay lúc đi chơi, dạo phố. Tối ưu đặc tính nhẹ nhàng, dịu dàng hơn cho làn da, mang đến sự quyến rũ cho người mặc tôn lên vóc dáng hoàn hảo cho mỗi người.chất liệu:Dạ lông cừu cao cấp - 100% Wool"
M0000467,Áo mangto dạ lông cừu cao cấp dáng suông cổ bẻ ve to phối cài áo trang trí kèm đai tạo kiểu,2783200,3976000,"Đen,Kem,Đỏ","Áo nổi bật,Áo mangto","S,M","Phong cách trẻ trung hiện đại dễ dàng mix với nhiều trang phục khác nhau như chân váy, quần... chắc chắn sẽ không khiến nàng mất đi sự ấn tượng nơi công sở hay lúc đi chơi, dạo phố. Tối ưu đặc tính nhẹ nhàng, dịu dàng hơn cho làn da, mang đến sự quyến rũ cho người mặc tôn lên vóc dáng hoàn hảo cho mỗi người.Chất liệu:Dạ lông cừu cao cấp - 100% Wool"
M0000481,Đầm công sở vải chiffon xốp dáng suông cổ đức tay ngắn thân váy xếp nhún tạo xoè cài khuy thân trước,725200,1036000,"Hồng,Tím,Xanh,Trắng","Đầm,Đầm công sở","S,M,L",Đầm công sở tôn dáng tạo lên vẻ đẹp quyến rũ toát lên vẻ đẹp hiện đại và trẻ trung. phù hợp cho những chị em yêu thích sự đơn giản nhưng vẫn muốn nổi bật giữa đám đông. Chất liệu:Chiffon xốp - 99% Polyester - 1% Spandex
M0000482,Đầm công sở vải phi cát dáng suông cổ đức vai chờm cài khuy thân trước,823200,1176000,"Đen,Trắng","Đầm,Đầm công sở","S,M,L,XL,XXL",Đầm công sở tôn dáng tạo lên vẻ đẹp quyến rũ toát lên vẻ đẹp hiện đại và trẻ trung. phù hợp cho những chị em yêu thích sự đơn giản nhưng vẫn muốn nổi bật giữa đám đông. Chất liệu:Phi cát - 100% polyester
M0000483,Đầm công sở vải thô dáng suông cổ tròn vai chờm chiết eo khoá thân sau,978600,1398000,Đen,"Đầm,Đầm công sở","S,M,L,XL,XXL",Đầm công sở tôn dáng tạo lên vẻ đẹp quyến rũ toát lên vẻ đẹp hiện đại và trẻ trung. phù hợp cho những chị em yêu thích sự đơn giản nhưng vẫn muốn nổi bật giữa đám đông. Chất liệu:Thô - 70% polyeste 30% rayon
M0000484,Đầm công sở vải thô dáng suông cổ đức đính đá trang trí tay lửng ngực váy đính vạt bèo tạo kiểu,823200,1176000,Đen,"Đầm,Đầm công sở","S,M,L,XL,XXL",Đầm công sở tôn dáng tạo lên vẻ đẹp quyến rũ toát lên vẻ đẹp hiện đại và trẻ trung. phù hợp cho những chị em yêu thích sự đơn giản nhưng vẫn muốn nổi bật giữa đám đông. Chất liệu:Thô - 92% Polyester 8% Spandex
M0000485,Đầm công sở vải tơ dáng suông dài cổ tròn tay bồng nhẹ thân váy xếp tầng tạo kiểu kèm dây đai,578200,826000,"Hồng,Xanh,Trắng","Đầm,Đầm công sở","S,M,L,XL",Đầm công sở tôn dáng tạo lên vẻ đẹp quyến rũ toát lên vẻ đẹp hiện đại và trẻ trung. phù hợp cho những chị em yêu thích sự đơn giản nhưng vẫn muốn nổi bật giữa đám đông. Chất liệu:Vải tơ -80% polyester 20% tencel
M0000486,Đầm công sở vải tuyp xy mỏng dáng suông cổ đức vai chờm eo phối dây đai tạo kiểu cài khuy thân trước,725200,1036000,"Nâu,Xanh","Đầm,Đầm công sở","S,M,L,XL,XXL",Đầm công sở tôn dáng tạo lên vẻ đẹp quyến rũ toát lên vẻ đẹp hiện đại và trẻ trung. phù hợp cho những chị em yêu thích sự đơn giản nhưng vẫn muốn nổi bật giữa đám đông. Chất liệu:Tuyp xy mỏng - 96% polyester 4% spandex
M0000487,Đầm công sở vải thô dáng suông lót habutai vai chờm phối vạt cổ tròn thắt nơ tạo kiểu khoá thân sau,1019200,1456000,"Kem,Hồng","Đầm,Đầm công sở","S,M,L,XL",Đầm công sở tôn dáng tạo lên vẻ đẹp quyến rũ toát lên vẻ đẹp hiện đại và trẻ trung. phù hợp cho những chị em yêu thích sự đơn giản nhưng vẫn muốn nổi bật giữa đám đông. Chất liệu:Vải thô - 60% Polyester 30% Viscose 10% Wool
M0000488,Đầm công sở vải thô mỏng hai lớp lót habutai dáng suông cổ tròn hông xếp nhún ly tạo kiểu,978600,1398000,"Xanh,Trắng","Đầm,Đầm công sở","S,M,L,XL",Đầm công sở tôn dáng tạo lên vẻ đẹp quyến rũ toát lên vẻ đẹp hiện đại và trẻ trung. phù hợp cho những chị em yêu thích sự đơn giản nhưng vẫn muốn nổi bật chốn công sở. Chất liệu:Thô mỏng -83% Tencel 17% Polyester
M0000489,Đầm công sở vải thô mỏng hai lớp lót habutai dáng xoè cổ xẻ chữ V thân váy xếp ly gân tạo kiểu kèm đai lưng trang trí,1237600,1768000,"Kem,Đỏ","Đầm,Đầm công sở","S,M,L,XL,XXL",Đầm công sở tôn dáng tạo lên vẻ đẹp quyến rũ toát lên vẻ đẹp hiện đại và trẻ trung. phù hợp cho những chị em yêu thích sự đơn giản nhưng vẫn muốn nổi bật chốn công sở. Chất liệu:Thô mỏng - 83% Tencel 17% Polyester
M0000490,Đầm công sở vải thô lụa dáng suông cổ đức vai chờm kèm dây đai lưng co giãn,896000,1280000,"Nâu,Đen","Đầm,Đầm công sở","S,M,L,XL",Đầm công sở tôn dáng tạo lên vẻ đẹp quyến rũ toát lên vẻ đẹp hiện đại và trẻ trung. phù hợp cho những chị em yêu thích sự đơn giản nhưng vẫn muốn nổi bật chốn công sở. Chất liệu:Thô lụa - 92% Polyester 8% Spandex
M0000631,Đầm dạo phố vải tơ hoa dáng suông cổ xẻ V phối viền ren tay bồng nhẹ khoá thân sau,1118600,1598000,"Nâu,Xanh","Đầm,Đầm dạo phố","S,M,L,XL,XXL","Đầm dạo phố đơn giản, dễ mặc, dễ phối giúp nàng thoải mái hoạt động đặc biệt kiểu đầm này không hề kén người mặc lại vô cùng phóng khoáng để ứng dụng trong nhiều hoàn cảnh khác nhau. Chất liệu:Vải tơ - 71% Tencent 29% Nylon"
M0000632,Đầm len dạo phố dáng suông dài cổ tròn eo rút dây tạo kiểu khoá thân sau,896000,1280000,"Đỏ,Đen,Trắng","Đầm,Đầm dạo phố","M,L,XL,S",Đầm len tôn dáng tạo lên vẻ đẹp quyến rũ toát lên vẻ đẹp hiện đại và trẻ trung. phù hợp cho những chị em yêu thích sự đơn giản nhưng vẫn muốn nổi bật giữa đám đông. Chất liệu:Vải len - 93% cotton 7% spandex
M0000633,Đầm dạo phố vải thô dày dáng suông cổ tròn phối vải lưới tạo kiểu khoá thân sau,623000,890000,Đen,"Đầm,Đầm dạo phố","S,M,L,XL",Đầm dạo phố tôn dáng tạo lên vẻ đẹp quyến rũ toát lên vẻ đẹp hiện đại và trẻ trung. phù hợp cho những chị em yêu thích sự đơn giản nhưng vẫn muốn nổi bật giữa đám đông. Chất liệu:Thô dày - 100% polyester
M0000634,Đầm len thời trang cao cấp dáng ôm cổ tròn tay ngắn thân váy xoè nhẹ,721300,1030400,"Ghi,Xanh,Tím,Đen","Đầm,Đầm dạo phố",FS,Đầm len tôn dáng tạo lên vẻ đẹp quyến rũ toát lên vẻ đẹp hiện đại và trẻ trung. phù hợp cho những chị em yêu thích sự đơn giản nhưng vẫn muốn nổi bật giữa đám đông. Chất liệu:100% Tencel
M0000635,Đầm dạo phố vải thô kate dáng suông cổ đức xẻ chữ V tay bồng thân váy nhún tầng tạo kiểu,413000,590000,"Xanh,Đen","Đầm,Đầm dạo phố","S,M,L,XL","Đầm dạo phố đơn giản, dễ mặc, dễ phối giúp nàng thoải mái hoạt động đặc biệt kiểu đầm này không hề kén người mặc lại vô cùng phóng khoáng để ứng dụng trong nhiều hoàn cảnh khác nhau. Chất liệu:Thô Kate - 100% cotton"
M0000636,Đầm dạo phố vải chiffon dáng suông hai lớp lót habutai kiểu trễ vai tay lỡ eo bo chun gấu váy xếp tầng tạo kiểu,817300,1167600,"Nâu,Đen","Đầm,Đầm dạo phố","S,M,L,XL","Đầm dạo phố đơn giản, dễ mặc, dễ phối giúp nàng thoải mái hoạt động đặc biệt kiểu đầm này không hề kén người mặc lại vô cùng phóng khoáng để ứng dụng trong nhiều hoàn cảnh khác nhau. Chất liệu:Chiffon mỏng - 100% polyester"
M0000637,Đầm dạo phố vải tơ hoa hai lớp lót habutai dáng suông cổ chữ V tay trễ vai eo bo chun gấu váy nhún xếp tầng tạo kiểu,553000,790000,"Xanh,Xanh 1","Đầm,Đầm dạo phố","S,M,L,XL,XXL","Đầm dạo phố đơn giản, dễ mặc, dễ phối giúp nàng thoải mái hoạt động đặc biệt kiểu đầm này không hề kén người mặc lại vô cùng phóng khoáng để ứng dụng trong nhiều hoàn cảnh khác nhau. Chất liệu:Vải tơ - 71% Tencen 29% Nylon"
M0000638,Đầm dạo phố vải Linen hai lớp lót vải boi dáng suông cổ tròn xếp nhún tạo kiểu gấu váy đính hạt trang trí,413000,590000,"Cam,Xanh","Đầm,Đầm dạo phố","S,M,L","Đầm dạo phố đơn giản, dễ mặc, dễ phối giúp nàng thoải mái hoạt động đặc biệt kiểu đầm này không hề kén người mặc lại vô cùng phóng khoáng để ứng dụng trong nhiều hoàn cảnh khác nhau. Chất liệu:Linen - 85% Cotton 15% Linen"
M0000639,Đầm dạo phố vải lụa hai lớp lót habutai dáng suông dài cổ tròn tay chờm eo nhún tạo kiểu khoá thân sau,896000,1280000,"Xanh,Đen","Đầm,Đầm dạo phố","S,M,L,XL,XXL",Đầm dạo phố tôn dáng tạo lên vẻ đẹp quyến rũ toát lên vẻ đẹp hiện đại và trẻ trung. phù hợp cho những chị em yêu thích sự đơn giản nhưng vẫn muốn nổi bật giữa đám đông. Chất liệu:Vải lụa - 99% Polyester - 1% Spandexa
M0000640,"Đầm 2 dây nữ vải voan ép dáng suông hai dây, thân trước cổ cao, có pen ngực",273300,390400,Trắng,"Đầm,Đầm dạo phố","XS,S,M","Đây là một trong những kiểu đầm nổi bật, có phong cách rất riêng và rất được phái đẹp ưa chuộng. Với một chiếc đầm như vậy trong tủ đồ, quý cô chẳng cần phải lo nghĩ quá nhiều cho hình ảnh của mình. Bởi dù bạn có kết hợp đồ thế nào thì nó vẫn khiến vẻ ngoài của bạn thật sự thu hút. Chất liệu:100% polyester"
M0000781,Đầm dự tiệc vải taffta dáng xoè có lót vài habutai cổ vuông tay bồng nhẹ phối hoa cài áo trang trí khoá thân sau,699300,999000,"Trắng,Đỏ,Đen","Đầm,Đầm dạ hội","S,M,L,XL,XXL",Đầm dự tiệc tôn dáng tạo lên vẻ đẹp quyến rũ toát lên vẻ đẹp hiện đại và trẻ trung. phù hợp cho những chị em yêu thích sự đơn giản nhưng vẫn muốn nổi bật giữa đám đông. Chất liệu:Taffta - 100% Polyester
M0000782,Đầm dự tiệc vải phi cát dày dáng ôm cổ kiểu quây vai phối mặt kim loại trang trí khóa thân sau,419300,599000,"Đỏ,Đen,Trắng","Đầm,Đầm dạ hội","S,M,L,XL,XXL","Đây là một trong những kiểu đầm dạ hội nổi bật, có phong cách rất riêng và rất được phái đẹp ưa chuộng. Với một chiếc đầm như vậy trong tủ đồ, quý cô chẳng cần phải lo nghĩ quá nhiều cho hình ảnh của mình. Bởi dù bạn có kết hợp đồ thế nào thì nó vẫn khiến vẻ ngoài của bạn thật sự thu hút.nbsp;Chất liệu:Phi cát dày - 95% Polyester 5% Spandexnbsp;"
M0000783,Đầm dự tiệc vải ren mảng dáng xòe cổ tròn eo phối dây ren chân pha lưới tạo kiểu khóa thân sau,559300,799000,Đen,"Đầm,Đầm dạ hội","S,M,L,XL,XXL","Đây là một trong những kiểu đầm nổi bật, có phong cách rất riêng và rất được phái đẹp ưa chuộng. Với một chiếc đầm như vậy trong tủ đồ, quý cô chẳng cần phải lo nghĩ quá nhiều cho hình ảnh của mình. Bởi dù bạn có kết hợp đồ thế nào thì nó vẫn khiến vẻ ngoài của bạn thật sự thu hút.chất liệu:Ren mảng - 50% Cotton 50% Polyester"
M0000784,Đầm công sở vải voan ren dáng xòe cổ tròn vai chờm khóa thân sau,660800,944000,"Trắng,Kem","Đầm,Đầm dạ hội","S,M,L,XL","Đây là một trong những kiểu đầm công sởnbsp;nổi bật, có phong cách rất riêng và rất được phái đẹp ưa chuộng. Với một chiếc đầm như vậy trong tủ đồ, quý cô chẳng cần phải lo nghĩ quá nhiều cho hình ảnh của mình. Bởi dù bạn có kết hợp đồ thế nào thì nó vẫn khiến vẻ ngoài của bạn thật sự thu hút.Chất liệu:Voan ren - 100% Polyester"
M0000785,Đầm công sở vải tơ dáng xòe cổ tròn cao tay bồng thân xếp mí phối dây ren trang trí kèm dây đai tạo kiểu,583800,834000,"Trắng,Cam","Đầm,Đầm dạ hội","S,M,L,XL","Đây là một trong những kiểu đầm nổi bật, có phong cách rất riêng và rất được phái đẹp ưa chuộng. Với một chiếc đầm như vậy trong tủ đồ, quý cô chẳng cần phải lo nghĩ quá nhiều cho hình ảnh của mình. Bởi dù bạn có kết hợp đồ thế nào thì nó vẫn khiến vẻ ngoài của bạn thật sự thu hút.Chất liệu:Tơ - 100% Polyester"
M0000786,Đầm dự tiệc vải ren dáng ôm trễ vai thân dưới phối vải lụa xếp mí đổ bèo bên hông,279300,399000,"Nâu,Đen","Đầm,Đầm dạ hội","S,M,L,XL","Đây là một trong những kiểu đầm nổi bật, có phong cách rất riêng và rất được phái đẹp ưa chuộng. Với một chiếc đầm như vậy trong tủ đồ, quý cô chẳng cần phải lo nghĩ quá nhiều cho hình ảnh của mình. Bởi dù bạn có kết hợp đồ thế nào thì nó vẫn khiến vẻ ngoài của bạn thật sự thu hút.chất liệu:Ren - 100% Polyester"
M0000787,Đầm dự tiệc vải thô dày dáng ôm không tay khóa thân sau kèm áo khoác tạo kiểu cài hoa trang trí,1181600,1688000,"Tím,Trắng","Đầm,Đầm dạ hội","S,M,L,XL","Đây là một trong những kiểu đầm dự tiệc nổi bật, có phong cách rất riêng và rất được phái đẹp ưa chuộng. Với một chiếc đầm như vậy trong tủ đồ, quý cô chẳng cần phải lo nghĩ quá nhiều cho hình ảnh của mình. Bởi dù bạn có kết hợp đồ thế nào thì nó vẫn khiến vẻ ngoài của bạn thật sự thu hút.Chất liệu: Thô dày - 70% Polyester 30% Rayon"
M0000788,Đầm dạo phố vải tơ dáng xòe cổ tròn vai chờm đính hoa trang trí eo xếp nhún tạo kiểu khóa thân sau,827100,1181600,"Đỏ,Trắng,Hồng,Xanh,Tím","Đầm,Đầm dạ hội","S,M,L,XL,XXL",Sản phẩm đầm dạo phố tôn dáng tạo lên vẻ đẹp quyến rũ toát lên vẻ đẹp hiện đại và trẻ trung. phù hợp cho những chị em yêu thích sự đơn giản nhưng vẫn muốn nổi bật giữa đám đông.Chất liệu: Tơ - 100% Polyester
M0000789,Đầm dự tiệc vải tafta dáng ôm cổ V vai tạo kiểu khóa thân sau,559300,799000,Trắng,"Đầm,Đầm dạ hội","S,M,L,XL",Đầm dự tiệc tôn dáng tạo lên vẻ đẹp quyến rũ toát lên vẻ đẹp hiện đại và trẻ trung. phù hợp cho những chị em yêu thích sự đơn giản nhưng vẫn muốn nổi bật giữa đám đôngchất liệu:Tafta- 100% Polyester
M0000790,Đầm dự tiệc vải tafta dáng xòe hai dây ngực xếp nhún kèm hoa cài áo và vải lụa voan tạo kiểu khóa thân sau,559300,799000,"Đỏ,Đen","Đầm,Đầm dạ hội","S,M,L,XL",Đầm dự tiệc tôn dáng tạo lên vẻ đẹp quyến rũ toát lên vẻ đẹp hiện đại và trẻ trung. phù hợp cho những chị em yêu thích sự đơn giản nhưng vẫn muốn nổi bật giữa đám đôngchất liệu:Tafta - 100% Polyester
M0000808,Jumpsuit công sở vải tuytsi dáng ôm cổ V phối lưới dây kim loại tạo kiểu độn cầu vai quần ống rộng khóa thân sau,559300,799000,Đen,"Đầm,Jumpsuit","S,M,L,XL","Jumpsuit luôn đem lại sự tiện lợi, không cần mix quá nhiều phụ kiện đi kèm. Quần ống rộng và lửng, chi tiết không tay kết hợp linh hoạt cùng cổ áo sơ mi là gợi ý trang phục công sở mùa hè hay ho. Chất liệu Lụa mờ bay bổng và thanh lịch, nhẹ tay và không bị bóng như các dòng Lụa thông thường.Chất liệu:nbsp;Tuytsi - 93% Polyester 7% Spandex"
M0000809,Jumpsuit dạo phố vải linen dáng suông cổ đức vai chờm tay liền thân phối túi hộp kèm đai tạo kiểu,209300,299000,"Tím,Xanh","Đầm,Jumpsuit","S,M,L,XL","Jumpsuit luôn đem lại sự tiện lợi, không cần mix quá nhiều phụ kiện đi kèm. Quần ống rộng và lửng, chi tiết không tay kết hợp linh hoạt cùng cổ áo sơ mi là gợi ý trang phục công sở mùa hè hay ho. Chất liệu Lụa mờ bay bổng và thanh lịch, nhẹ tay và không bị bóng như các dòng Lụa thông thường.chất liệu:Linen - 100% Linen"
M0000810,Jumpsuit dạo phố vải linen dáng suông cổ kiểu vạt chồng chéo eo bo chun,174300,249000,"Kem,Xanh","Đầm,Jumpsuit","S,M,L,XL","Jumpsuit luôn đem lại sự tiện lợi, không cần mix quá nhiều phụ kiện đi kèm. Quần ống rộng và lửng, chi tiết không tay kết hợp linh hoạt cùng cổ áo sơ mi là gợi ý trang phục công sở mùa hè hay ho. Chất liệu Lụa mờ bay bổng và thanh lịch, nhẹ tay và không bị bóng như các dòng Lụa thông thường.Chất liệu: Linen - 97% Cotton 3% Spadex"
M0000811,Jumpsuit công sở vải tuytsi dáng suông ống rộng hai dây bèo ngực đổ vai phối họa tiết thêu khóa thân sau,279300,399000,"Đen,Xanh","Đầm,Jumpsuit","S,M,L,XL","Jumpsuit luôn đem lại sự tiện lợi, không cần mix quá nhiều phụ kiện đi kèm. Quần ống rộng và lửng, chi tiết không tay kết hợp linh hoạt cùng cổ áo sơ mi là gợi ý trang phục công sở mùa hè hay ho. Chất liệu Lụa mờ bay bổng và thanh lịch, nhẹ tay và không bị bóng như các dòng Lụa thông thường.chất liệu:Tuytsi - 97% Polyester 3% Spandex"
M0000812,Jumpsuit dạo phố vải tuytsi dáng suông cổ V kiểu áo vest quần ống rộng khóa thân sau,279300,399000,"Nâu,Xanh","Đầm,Jumpsuit","S,M,L","Jumpsuit luôn đem lại sự tiện lợi, không cần mix quá nhiều phụ kiện đi kèm. Quần ống rộng và lửng, chi tiết không tay kết hợp linh hoạt cùng cổ áo sơ mi là gợi ý trang phục công sở mùa hè hay ho. Chất liệu Lụa mờ bay bổng và thanh lịch, nhẹ tay và không bị bóng như các dòng Lụa thông thường.chất liệu:Tuytsi - 96% Polyester 4% Spandex"
M0000813,Jumpsuit dạo phố vải tuytsi dáng suông vai chờm phối túi hộp eo buộc nơ tạo kiểu quần ống rộng,279300,399000,"Tím,Cam","Đầm,Jumpsuit","S,M,L,XL,XXL","Jumpsuit luôn đem lại sự tiện lợi, không cần mix quá nhiều phụ kiện đi kèm. Quần ống rộng và lửng, chi tiết không tay kết hợp linh hoạt cùng cổ áo sơ mi là gợi ý trang phục công sở mùa hè hay ho. Chất liệu Lụa mờ bay bổng và thanh lịch, nhẹ tay và không bị bóng như các dòng Lụa thông thường.chất liệu:Tuytsi - 100% Polyester"
M0000814,Jumpsuit dạo phố vải linen dáng suông cổ hai ve cạp cài khuy bọc,209300,299000,"Kem,Xanh","Đầm,Jumpsuit","S,M,L,XL","Jumpsuit luôn đem lại sự tiện lợi, không cần mix quá nhiều phụ kiện đi kèm. Quần ống rộng và lửng, chi tiết không tay kết hợp linh hoạt cùng cổ áo sơ mi là gợi ý trang phục công sở mùa hè hay ho. Chất liệu Lụa mờ bay bổng và thanh lịch, nhẹ tay và không bị bóng như các dòng Lụa thông thường.chất liệu:LINEN - 97% cotton 3% spadex"
M0000815,Jumpsuit dạo phố vải thô dáng suông cổ V cúc bọc vải thân buộc nơ tạo kiểu,139300,199000,"Hồng,Xanh","Đầm,Jumpsuit","S,M,L,XL","Jumpsuit với chi tiết cổ lá to, túi ốp, phối cùng chi tiết tay bồng cách điệu và nữ tính. Là item thời trang kết hợp tuyệt vời giữa vẻ đẹp phá cách, nổi loạn đi cùng tính ứng dụng thực tế. Chất liệu vải thô tạo cảm giác thoáng mát cho người mặc, mềm mại và thoáng mát phù hợp với mùa hè, giữ màu vải cực tốt, có thể giặt giũ thoải mái.chất liệu:Thô - 100% Cotton"
M0000816,Jumpsuit dạo phố vải đũi dáng suông cổ V cài cúc bọc eo thắt nơ thân sau bo chun,139300,199000,"Xanh,Hồng","Đầm,Jumpsuit","M,L,XL,S","Jumpsuit với chi tiết cổ lá to, túi ốp, phối cùng chi tiết tay bồng cách điệu và nữ tính. Là item thời trang kết hợp tuyệt vời giữa vẻ đẹp phá cách, nổi loạn đi cùng tính ứng dụng thực tế. Chất liệu vải thô tạo cảm giác thoáng mát cho người mặc, mềm mại và thoáng mát phù hợp với mùa hè, giữ màu vải cực tốt, có thể giặt giũ thoải mái.chất liệu:Thô đũi - 50% cotton 50% Polyester"
M0000817,Jumpsuit dạo phố vải lụa dáng ôm vai trễ đổ bèo eo chun kèm dây buộc nơ,209300,299000,"Cam,Xanh","Đầm,Jumpsuit","S,M,L,XL,XXL",Jumpsuit đẹp nhất đã có mặt tại Pantio - Chỉ cần vài cú click chuột là nàng sẽ sở hữu ngay cho mình một chiếc Jumpsuit phù hợp với mọi dịp!chất liệu:Vải lụa - 100% polyester
M0000822,Đầm dạo phố vải thô lụa dáng suông cổ tròn thân phối bèo tạo kiểu khóa thân sau,279300,399000,"Vàng,Cam,Xanh","Đầm,Váy Đầm Hoa","S,M","Đây là một trong những kiểu đầm nổi bật, có phong cách rất riêng và rất được phái đẹp ưa chuộng. Với một chiếc đầm như vậy trong tủ đồ, quý cô chẳng cần phải lo nghĩ quá nhiều cho hình ảnh của mình. Bởi dù bạn có kết hợp đồ thế nào thì nó vẫn khiến vẻ ngoài của bạn thật sự thu hút.chất liệu:Thô lụa - 80% Rayon 20% tencen"
M0000823,Đầm dạo phố vải thô dáng xòe cổ tàu xẻ V ngực xếp nhún tạo kiểu khóa thân sau,209300,299000,"Trắng,Hồng,Xanh","Đầm,Váy Đầm Hoa","S,M,L,XL",Sản phẩm đầm tôn dáng tạo lên vẻ đẹp quyến rũ toát lên vẻ đẹp hiện đại và trẻ trung. phù hợp cho những chị em yêu thích sự đơn giản nhưng vẫn muốn nổi bật giữa đám đông.nbsp;Chất liệu: Thô - 74% Tencel 26% Polyester
M0000824,Đầm công sở vải thô dáng A cổ tròn thân ngực thêu họa tiết trang trí,209300,299000,"Đen,Trắng","Đầm,Váy Đầm Hoa","S,M,L,XL,XXL","Đây là một trong những kiểu đầm nổi bật, có phong cách rất riêng và rất được phái đẹp ưa chuộng. Với một chiếc đầm như vậy trong tủ đồ, quý cô chẳng cần phải lo nghĩ quá nhiều cho hình ảnh của mình. Bởi dù bạn có kết hợp đồ thế nào thì nó vẫn khiến vẻ ngoài của bạn thật sự thu hút.chất liệu:Thô - 100% Polyester"
M0000825,Đầm dạo phố vải tuytsi dáng suông cổ buộc nơ vạt thêu họa tiết,485800,694000,"Trắng,Đen","Đầm,Váy Đầm Hoa","S,M,L,XL","Đây là một trong những kiểu đầm nổi bật, có phong cách rất riêng và rất được phái đẹp ưa chuộng. Với một chiếc đầm như vậy trong tủ đồ, quý cô chẳng cần phải lo nghĩ quá nhiều cho hình ảnh của mình. Bởi dù bạn có kết hợp đồ thế nào thì nó vẫn khiến vẻ ngoài của bạn thật sự thu hút."
M0000826,Đầm dạo phố vải linen dáng xòe cổ tay xếp bèo thân thêu họa tiết chân váy xếp nếp,209300,299000,"Kem,Xanh","Đầm,Váy Đầm Hoa","S,M,L,XL","Đầm dạo phố đơn giản, dễ mặc, dễ phối giúp nàng thoải mái hoạt động đặc biệt kiểu đầm này không hề kén người mặc lại vô cùng phóng khoáng để ứng dụng trong nhiều hoàn cảnh khác nhau.chất liệu:Vải Linen - 100% Linen"
M0000827,Đầm dự tiệc vải tafta dáng xòe chân váy thêu hoa đính ngọc trai,664300,949000,"Đỏ,Đen","Đầm,Váy Đầm Hoa","S,M,L,XL","Đầm chiết eo dáng xòe là mẫu đầm dành cho các cô nàng công sở vì sự nhã nhặn; nữ tính và lịch sự mà nó mang lại. Thiết kế còn thể hiện sự quyến rũ một cách rất tinh tế, chân váy phồng mang đến cảm giác nữ tính và thu hút hơn bao giờ hết. Thiết kế đầm chiết eo dáng xòe này hứa hẹn sẽ là một item thời trang công sở “hót hòn họt” dành cho hội chị em phụ nữ đam mê làm đẹp. Chất liệu tafta sự kết hợp giữa những sợi vải rất mỏng manh, bề mặt đẹp, mịn. Đặc biệt là không quá rủ mềm và bám vào da, luôn được xem là lựa chọn thể hiện sự bồng bềnh quyến rũ của trang phục. Thành phần vải: 100% Tafta"
M0000828,"Đầm dạo phố chất liệu tafta dáng chữ A xếp nếp, hoa 3D cài rời trên eo",627200,896000,"Kem,Xanh","Đầm,Váy Đầm Hoa","S,M,L","Đầm dạo phố dáng chữ A, xếp nếp tay và thân đầm, kết hợp với chi tiết hoa 3D cài rời trên eo gúp tôn dáng và mang đến gợi ý mới mẻ cho cô nàng trẻ trung và hiện đại. Chất liệu tafta sự kết hợp giữa những sợi vải rất mỏng manh nhưng lại tạo cảm giác chắc tay cho người dùng. Đặc biệt là không quá rủ mềm và bám vào da và luôn được xem là lựa chọn thể hiện sự bồng bềnh quyến rũ của trang phục. Thành phần vải Polyester 100%"
M0000829,"Đầm dạo phố chất liệu vải thô xốp cố tròn, gắn hoa 3 tay lỡ",966000,1380000,"Hồng,Trắng","Đầm,Váy Đầm Hoa","S,M,L,XL","Đầm công sở với chi tiết cổ tròn tay lỡ, gắn hpa 3D cách điệu giúp tôn dáng và mang đến gợi ý mới mẻ cho cô nàng trẻ trung và hiện đại. Chất liệu vải thô tạo cảm giác thoáng mát cho người mặc, khả năng giữ phom cao, ít nhăn, giữ màu vải cực tốt, có thể giặt giũ thoải mái. Thành phần vải: 60% Rayon 40% Polyester"
M0000830,Đầm dạo phố chất liệu dạ họa tiết dáng ôm sát nách,483000,690000,"Nâu,Xanh","Đầm,Váy Đầm Hoa","S,M,L,XL","Đầm dạ sát nách, ôm sát cơ thể giúp các chị em khoe trọn những đường cong gợi cảm. Vào những ngày đông thì đầm dạ ôm body trở thành một trang phục không thể thiếu, giúp các nàng tự tin xinh đẹp xuống phố. Chỉ cần khéo léo phối đồ một cách thông minh với đầm len dáng ôm là các nàng đã có ngay một set đồ sang chảnh trong mọi hoàn cảnh. Chất vải dạ giữ ấm, giữ nhiệt tốt, có độ bền cao, ít thấm nước, chất vải dày lên phom chuẩn. Thành phần vải: 98% polyester - 2 % spandex"
M0000831,Đầm dạo phố chất liệu lụa họa tiết cổ chữ v sát nách,338800,484000,"Cam,Xanh","Đầm,Váy Đầm Hoa","S,M","Đầm dáng suông thiết kế cổ chữ V, sát nách, dễ phối giúp nàng thoải mái hoạt động đặc biệt kiểu đầm này không hề kén người mặc lại vô cùng phóng khoáng để ứng dụng trong nhiều hoàn cảnh khác nhau. Chất liệu lụa có độ co giãn bốn chiều rất tốt, thoáng mát, thấm hút mồ hôi không bị xù hay nhão vải qua quá trình sử dụng. Thành phần vải: 100% Polyester"
M0000833,Chân váy công sở vải thô dáng suông dài thân váy xếp ly bong tạo kiểu,887600,1268000,Đen,"Chân váy,Chân váy dài","S,M,L,XL","Chân váy mang đến cho quý cô hơi thở cuộc sống nhẹ nhàng, những cảm nhận thướt tha mà năng động. Không quá khó để trở nên nổi bật, nàng chỉ cần phối với chiếc sơ mi đơn giản là đã có thể tự tin dạo phố hay tham gia các buổi tiệc. Chất liệu:Vải thô - 98% polyester - 2 % spandex"
M0000834,Chân váy công sở vải thô lụa dáng suông cạp phối kim loại trang trí thân váy xếp ly tạo kiểu,529200,756000,"Nâu,Đen","Chân váy,Chân váy dài","S,M,L,XL","Chân váy mang đến cho quý cô hơi thở cuộc sống nhẹ nhàng, những cảm nhận thướt tha mà năng động. Không quá khó để trở nên nổi bật, nàng chỉ cần phối với chiếc sơ mi đơn giản là đã có thể tự tin dạo phố hay tham gia các buổi tiệc. Chất liệu:Thô lụa - 92% Polyester 8% Spandex"
M0000835,Chân váy dài vải thô mỏng kẻ ô dáng suông cạp phối chun co giãn khoá thân sau,391000,558600,"Đen,Xanh","Chân váy,Chân váy dài","S,M,L,XL","Chân váy mang đến cho quý cô hơi thở cuộc sống nhẹ nhàng, những cảm nhận thướt tha mà năng động. Không quá khó để trở nên nổi bật, nàng chỉ cần phối với chiếc sơ mi đơn giản là đã có thể tự tin dạo phố hay tham gia các buổi tiệc. Chất liệu:Thô mỏng - 55% Polyester 45% Rayon"
M0000836,Chân váy vải cotton dáng suông dài cạp chun co giãn xẻ tà bên hông thân váy trang trí hoạ tiết in cao cấp,467600,668000,"Vàng,Đen,Trắng","Chân váy,Chân váy dài","S,M,L,XL","Chân váy mang đến cho quý cô hơi thở cuộc sống nhẹ nhàng, những cảm nhận thướt tha mà năng động. Không quá khó để trở nên nổi bật, nàng chỉ cần phối với chiếc sơ mi đơn giản là đã có thể tự tin dạo phố hay tham gia các buổi tiệc. Chất liệu:Cotton - 70% polyeste 30% rayon"
M0000837,Chân váy vải thô kate dáng bí dài cạp chun co giãn,725200,1036000,Đen,"Chân váy,Chân váy dài",FS,"Chân váy mang đến cho quý cô hơi thở cuộc sống nhẹ nhàng, những cảm nhận thướt tha mà năng động. Không quá khó để trở nên nổi bật, nàng chỉ cần phối với chiếc sơ mi đơn giản là đã có thể tự tin dạo phố hay tham gia các buổi tiệc. Chất liệu:Thô kate - 100% cotton"
M0000838,Chân váy công sở vải gấm hoa dáng A thân váy phối ly bong tạo xoè khoá thân sau,908600,1298000,"Kem,Đen","Chân váy,Chân váy dài","S,M,L,XL","Chân váy mang đến cho quý cô hơi thở cuộc sống nhẹ nhàng, những cảm nhận thướt tha mà năng động. Không quá khó để trở nên nổi bật, nàng chỉ cần phối với chiếc sơ mi đơn giản là đã có thể tự tin dạo phố hay tham gia các buổi tiệc. Chất liệu:Vải gấm - 100% polyester"
M0000839,Chân váy công sở vải thô dày dáng suông dài khoá thân sau,628600,898000,"Đỏ,Đen,Trắng","Chân váy,Chân váy dài","S,M,L,XL","Chân váy mang đến cho quý cô hơi thở cuộc sống nhẹ nhàng, những cảm nhận thướt tha mà năng động. Không quá khó để trở nên nổi bật, nàng chỉ cần phối với chiếc sơ mi đơn giản là đã có thể tự tin dạo phố hay tham gia các buổi tiệc. Chất liệu:Thô dày - 83% Polyester 17% Rayon"
M0000840,Chân váy công sở vải tuyp xy dáng ôm đuôi váy xẻ tà khoá thân sau,607600,868000,Ghi,"Chân váy,Chân váy dài","S,M,L,XL","Chân váy mang đến cho quý cô hơi thở cuộc sống nhẹ nhàng, những cảm nhận thướt tha mà năng động. Không quá khó để trở nên nổi bật, nàng chỉ cần phối với chiếc sơ mi đơn giản là đã có thể tự tin dạo phố hay tham gia các buổi tiệc.  Chất liệu:Tuyp xy - 90% Polyester 10% Nylon"
M0000841,Chân váy len thời trang cao cấp dáng suông cạp chun co giãn,533100,761600,"Ghi,Nâu,Đỏ,Xanh,Đen","Chân váy,Chân váy dài",FS,"Mẫu chân váy len vẫn luôn được các quý cô công sở yêu thích bởi sự lịch thiệp, sang trọng. Chân váy với độ ôm đặc trưng vừa tạo cảm giác năng động thoải mái, vừa tôn lên những đường cong quyến rũ của cơ thể.  Chất liệu:100% modal"
M0000842,Chân váy công sở vải thô đũi dáng suông thân váy phối tà lệch eo đính khuy bọc trang trí,558600,798000,"Nâu,Đen","Chân váy,Chân váy dài","S,M,L,XL,XXL","Chân váy mang đến cho quý cô hơi thở cuộc sống nhẹ nhàng, những cảm nhận thướt tha mà năng động. Không quá khó để trở nên nổi bật, nàng chỉ cần phối với chiếc sơ mi đơn giản là đã có thể tự tin dạo phố hay tham gia các buổi tiệc.  Chất liệu:Thô đũi - 95% Polyester 5% Spandex"
M0000983,Chân váy ngắn vải lụa tằm phối ren hoa khoá thân sau,425300,607600,"Xanh,Trắng","Chân váy,Chân váy ngắn","S,M,L,XL","Chân váy mang đến cho quý cô hơi thở cuộc sống nhẹ nhàng, những cảm nhận thướt tha mà năng động. Không quá khó để trở nên nổi bật, nàng chỉ cần phối với chiếc sơ mi đơn giản là đã có thể tự tin dạo phố hay tham gia các buổi tiệc. Chất liệu:Lụa tằm - 100% polyester"
M0000984,Chân váy dáng A ngắn,320600,458000,Xanh,"Chân váy,Chân váy ngắn","S,M,L","Chân váy mang đến cho quý cô hơi thở cuộc sống nhẹ nhàng, những cảm nhận thướt tha mà năng động. Không quá khó để trở nên nổi bật, nàng chỉ cần phối với chiếc sơ mi đơn giản là đã có thể tự tin dạo phố hay tham gia các buổi tiệc. Chất liệu:90% polyester 10% rayon"
M0000985,"Chân váy dáng A ngắn, cạp liền, chiết ly eo, khóa sau",320600,458000,"Đen,Kem","Chân váy,Chân váy ngắn","S,M","Chân váy mang đến cho quý cô hơi thở cuộc sống nhẹ nhàng, những cảm nhận thướt tha mà năng động. Không quá khó để trở nên nổi bật, nàng chỉ cần phối với chiếc sơ mi đơn giản là đã có thể tự tin dạo phố hay tham gia các buổi tiệc. Chất liệu:80% Polyester 20% Nylon"
M0000986,Chân váy ngắn vải dạ Tweed kẻ dáng chữ A túi đính khuy đá trang trí khoá thân sau,628600,898000,"Trắng,Hồng,Kem","Chân váy,Chân váy ngắn","S,M,L,XL","Mẫu chân váy vẫn luôn được các quý cô công sở yêu thích bởi sự lịch thiệp, sang trọng. Chân váy với độ ôm đặc trưng vừa tạo cảm giác năng động thoải mái, vừa tôn lên những đường cong quyến rũ của cơ thể.  Chất liệu:DẠ TEWD - 100% polyester"
M0000987,Chân váy ngắn vải tơ hai lớp lót habutai gấu váy xếp ly phối ren hoa trang trí khoá thân sau,826000,1180000,"Đen,Trắng","Chân váy,Chân váy ngắn","S,M,L","Chân váy ngắn mang đến cho quý cô hơi thở cuộc sống nhẹ nhàng, những cảm nhận thướt tha mà năng động. Không quá khó để trở nên nổi bật, nàng chỉ cần phối với chiếc sơ mi đơn giản là đã có thể tự tin dạo phố hay tham gia các buổi tiệc. Chất liệu:Vải tơ - 100% polyester"
M0000988,"Chân váy vải thô dáng xòe ngắn cạp liền, cắt ngang hông đính dây nơ, khóa giọt lệ thân sau, túi cơi giả",273300,390400,Ghi,"Chân váy,Chân váy ngắn","XS,S,M","Chân váy với thiết kế từ Pantio không kén người mặc, dễ dàng tạo sự thoải mái, không gò bó và mang đến nét đẹp năng động, trẻ trung cho người mặc. Diện sản phẩm này các nàng sẽ toát lên vẻ đẹp nữ tính, thướt tha và vô cùng phá cách. Các nàng có thể lựa chọn áo hai dây hoặc áo thun trẻ trung mix cùng sẽ tạo nên một set đồ hoàn hảo. Chất liệu:90% Polyester 10% Nylon"
M0000989,"Chân váy vải thô mỏng dáng xòe bí ngắn, cạp trễ",273300,390400,"Đen,Trắng","Chân váy,Chân váy ngắn","XS,S,M","Chân váy với thiết kế từ Pantio không kén người mặc, dễ dàng tạo sự thoải mái, không gò bó và mang đến nét đẹp năng động, trẻ trung cho người mặc. Diện sản phẩm này các nàng sẽ toát lên vẻ đẹp nữ tính, thướt tha và vô cùng phá cách. Các nàng có thể lựa chọn áo hai dây hoặc áo thun trẻ trung mix cùng sẽ tạo nên một set đồ hoàn hảo. Chất liệu:100% cotton"
M0000990,"Chân váy xếp ly nữ vải thô dáng xòe cạp trễ, phối vải thô trắng hiệu ứng 2 tầng, khóa giọt lệ thân sau",329300,470400,"Ghi,Đen","Chân váy,Chân váy ngắn","XS,S,M","Chân váy với thiết kế từ Pantio không kén người mặc, dễ dàng tạo sự thoải mái, không gò bó và mang đến nét đẹp năng động, trẻ trung cho người mặc. Diện sản phẩm này các nàng sẽ toát lên vẻ đẹp nữ tính, thướt tha và vô cùng phá cách. Các nàng có thể lựa chọn áo hai dây hoặc áo thun trẻ trung mix cùng sẽ tạo nên một set đồ hoàn hảo. Chất liệu:98% polyester - 2 % spandex"
M0000991,"Chân váy vải thô kẻ dáng xòe cạp liền, cắt ngang hông chân váy xếp ly",239700,342400,"Đen,Trắng","Chân váy,Chân váy ngắn","XS,S,M","Chân váy với thiết kế từ Pantio không kén người mặc, dễ dàng tạo sự thoải mái, không gò bó và mang đến nét đẹp năng động, trẻ trung cho người mặc. Diện sản phẩm này các nàng sẽ toát lên vẻ đẹp nữ tính, thướt tha và vô cùng phá cách. Các nàng có thể lựa chọn áo hai dây hoặc áo thun trẻ trung mix cùng sẽ tạo nên một set đồ hoàn hảo. Chất liệu:70% Polyester 30% cotton"
M0000992,Chân váy ngắn vải thô dáng chữ A hai lớp lót habutai thân trước có túi khoá thân sau,209300,299000,"Xanh,Nâu","Chân váy,Chân váy ngắn","S,M,L,XL","Chân váy với thiết kế từ Pantio không kén người mặc, dễ dàng tạo sự thoải mái, không gò bó và mang đến nét đẹp năng động, trẻ trung cho người mặc. Diện sản phẩm này các nàng sẽ toát lên vẻ đẹp nữ tính, thướt tha và vô cùng phá cách. Các nàng có thể lựa chọn áo hai dây hoặc áo thun trẻ trung mix cùng sẽ tạo nên một set đồ hoàn hảo.  Chất liệu:Vải Thô - 79% Polyester 21% Viscose"
M0001040,Quần công sở vải tuyp xy dáng suông ống rộng phối ly bong tạo kiểu eo phối dây xích trang trí,628600,898000,"Nâu,Đen","Quần,Quần dài","S,M,L,XL","Mẫu quần được các chị em yêu thích cái đẹp ưa chuộng. Đây là một gợi ý hay ho cho trang phục công sở hiện đại, đễ dàng phối đồ ở nhiều hoàn cảnh khác nhau. Chất liệu:Tuyp xy - 75% polyester 25 % rayon"
M0001041,Quần công sở vải thô đũi dáng Baggy cạp cao đính khuy trang trí thân quần phối ly bong tạo kiểu,523300,747600,"Ghi,Nâu,Xanh,Đen","Quần,Quần dài","S,M,L,XL,XXL","Mẫu quần được các chị em yêu thích cái  đẹp ưa chuộng. Đây là một gợi ý hay ho cho trang phục công sở hiện đại, đễ dàng phối đồ ở nhiều hoàn cảnh khác nhau.  Chất liệu:Thô đũi - 78% Polyester 22% Rayon"
M0001042,Quần dài công sở co giãn dáng ôm ống vẩy cạp phối kim loại trang trí,391000,558600,Đen,"Quần,Quần dài","M,L,XL,XXL","Mẫu quần dài mang lại sự thoải mái được nhiều quý cô sành điệu không thua kém các mẫu váy hot trend đồng thời tôn lên vẻ đẹp cơ thể thật mạnh mẽ, năng động, trẻ trung, nhưng cũng rất nữ tính và quyến rũ. Chất liệu:70% viscose 25% polyester 5% spandex"
M0001043,Quần công sở vải cotton dáng suông dài ống rộng khoá thân trước,558900,798400,"Xanh 1,Đen,Xanh","Quần,Quần dài","S,M,L,XL","Mẫu quần mang lại sự thoải mái được nhiều quý cô sành điệu không thua kém các mẫu váy hot trend đồng thời tôn lên vẻ đẹp cơ thể thật mạnh mẽ, năng động, trẻ trung, nhưng cũng rất nữ tính và quyến rũ. Chất liệu:Cotton - 100 % cotton"
M0001044,Quần công sở vải tuyp xy dáng suông cạp phối xích trang trí khoá thân sau,838600,1198000,"Nâu,Đen","Quần,Quần dài","S,M,L,XL",Form dáng hiện đại mang lại sự thoải mái được nhiều quý cô sành điệu yêu thích. Dường như đây là loại quần công sở phù hợp với mọi phong cách. Chất liệu:Tuyp xy - 70% polyeste 30% rayon
M0001045,Quần công sở vải tuypxy dáng suông dài thân phối ly bong tạo kiểu khoá thân trước,349300,499000,"Nâu,Đen","Quần,Quần dài","S,M,L,XL",Form dáng hiện đại mang lại sự thoải mái được nhiều quý cô sành điệu yêu thích. Dường như đây là loại quần công sở phù hợp với mọi phong cách. Chất liệu:Tuyp xy - 90% Polyester 10% Nylon
M0001046,Quần công sở vải tuyp xy dáng suông dài eo phối vạt bất đối xứng khoá thân sau,380800,544000,Đen,"Quần,Quần dài","S,M,L,XL",Form dáng hiện đại mang lại sự thoải mái được nhiều quý cô sành điệu yêu thích. Dường như đây là mẫu quần công sở phù hợp với mọi phong cách. Chất liệu:Tuyp xy - 100% polyester
M0001047,Quần công sở vải tuyp xy dáng suông dài eo đính khuy trang trí cài khoá thân trước,349300,499000,"Tím,Đen","Quần,Quần dài","S,M,L,XL",Form dáng hiện đại mang lại sự thoải mái được nhiều quý cô sành điệu yêu thích. Dường như đây là mẫu quần công sở phù hợp với mọi phong cách. Chất liệu:Tuyp xy mỏng - 96% polyester 4% spandex
M0001048,Quần công sở vải tuyp xy dáng suông dài eo đính khuy trang trí khoá thân sau,378000,540000,"Đen,Nâu","Quần,Quần dài","S,M,L,XL","Mẫu quần mang lại sự thoải mái được nhiều quý cô sành điệu không thua kém các mẫu váy hot trend đồng thời tôn lên vẻ đẹp cơ thể thật mạnh mẽ, năng động, trẻ trung, nhưng cũng rất nữ tính và quyến rũ. Chất liệu:Tuyp xy - Vải 100% polyester"
M0001049,Quần công sở vải tuyp xy dáng suông dài eo cut chữ V vạt bất đối xứng phối khuy trang trí khoá thân sau,419300,599000,Đen,"Quần,Quần dài","S,M,L,XL","Mẫu quần mang lại sự thoải mái được nhiều quý cô sành điệu không thua kém các mẫu váy hot trend đồng thời tôn lên vẻ đẹp cơ thể thật mạnh mẽ, năng động, trẻ trung, nhưng cũng rất nữ tính và quyến rũ. Chất liệu:tuyp xy - 93% Polyester 7% Spandex"
M0001139,Quần lửng công sở vải thô dáng xoè ống quần xếp ly bong tạo kiểu khoá thân trước,677600,968000,"Xanh,Đen","Quần,Quần lửng","S,M,L,XL","Mẫu quần lửng được các chị em yêu thích cái  đẹp ưa chuộng. Đây là một gợi ý hay ho cho trang phục công sở hiện đại, đễ dàng phối đồ ở nhiều hoàn cảnh khác nhau.  Chất liệu:Vải thô - -99% Polyester - 1% Spandex"
M0001140,Quần lửng dạo phố vải thô mỏng dáng suông phối vạt lệch có túi quần trang trí cạp bản chun,425300,607600,"Xanh,Đen,Nâu","Quần,Quần lửng","S,M,L,XL,XXL",Form dáng hiện đại mang lại sự thoải mái được nhiều quý cô sành điệu yêu thích. Dường như đây là loại quần lửng phù hợp với mọi phong cách.  Chất liệu:Thô mỏng 60% Polyester 40% rayon
M0001141,Quần công sở vải thô dáng lửng thân xếp ly tạo kiểu khoá thân trước,377200,538800,"Ghi,Đen","Quần,Quần lửng","S,M,L,XL",Form dáng hiện đại mang lại sự thoải mái được nhiều quý cô sành điệu yêu thích. Dường như đây là loại quần công sở phù hợp với mọi phong cách. Chất liệu:Vải thô - 95% Polyester 5% Spandex
M0001142,Quần lửng công sở vải tuyp xy dáng suông eo phối dây đai bất đối xứng khóa thân trước,349300,499000,"Nâu,Đen","Quần,Quần lửng","S,M,L,XL","Mẫu quần lửng công sở mang lại sự thoải mái được nhiều quý cô sành điệu không thua kém các mẫu váy hot trend đồng thời tôn lên vẻ đẹp cơ thể thật mạnh mẽ, năng động, trẻ trung, nhưng cũng rất nữ tính và quyến rũ. Chất liệu:Tuyp xy - 100% polyester"
M0001143,Quần công sở vải tuytsi dáng suông ống rộng phối ly bong giả váy khoá thân sau,349300,499000,"Xanh,Đen","Quần,Quần lửng","S,M,L,XL","Mẫu quần mang lại sự thoải mái được nhiều quý cô sành điệu không thua kém các mẫu váy hot trend đồng thời tôn lên vẻ đẹp cơ thể thật mạnh mẽ, năng động, trẻ trung, nhưng cũng rất nữ tính và quyến rũ. Chất liệu:Tuytsi - 100% Polyester"
M0001144,Quần công sở vải thô đũi dáng suông thân trước phối vạt lệch giả váy ống rộng khoá thân sau,279300,399000,"Xanh,Xanh 1,Đen","Quần,Quần lửng","S,M,L,XL","Mẫu quần được các chị em yêu thích cái đẹp ưa chuộng. Đây là một gợi ý hay ho cho trang phục công sở hiện đại, đễ dàng phối đồ ở nhiều hoàn cảnh khác nhau. Chất liệu:Thô đũi - 97% Polyester - 3% Spandex"
M0001145,Quần công sở vải tuytsi dáng suông ống rộng cạp thân sau phối chun,209300,299000,"Xanh,Cam,Đen","Quần,Quần lửng","S,M,L,XL","Mẫu quần mang lại sự thoải mái được nhiều quý cô sành điệu không thua kém các mẫu váy hot trend đồng thời tôn lên vẻ đẹp cơ thể thật mạnh mẽ, năng động, trẻ trung, nhưng cũng rất nữ tính và quyến rũ. Chất liệu:Tuytsi - 7% Polyester 3% Spandex"
M0001146,Quần công sở vải tuytsi dáng suông ống rộng vạt lệch tạo kiểu giả váy cạp chun phối mặt thắt lưng trang trí,279300,399000,"Xanh,Đen","Quần,Quần lửng","S,M,L,XL","Mẫu quần mang lại sự thoải mái được nhiều quý cô sành điệu không thua kém các mẫu váy hot trend đồng thời tôn lên vẻ đẹp cơ thể thật mạnh mẽ, năng động, trẻ trung, nhưng cũng rất nữ tính và quyến rũ.chất liệu:Tuytsi - 70% Polyeste 30% Rayon"
M0001147,Quần dạo phố vải linen dáng suông ống rộng cạp chun,420400,600600,"Xanh,Trắng,Cam,Xanh 1","Quần,Quần lửng","L,XL,S,M",Form dáng hiện đại mang lại sự thoải mái được nhiều quý cô sành điệu yêu thích. Dường như đây là loại quần phù hợp với mọi phong cách.nbsp;Chất liệu: Linen - 97% Cotton 3% Spadex
M0001148,Quần dạo phố vải thô đũi dáng suông ống rộng cạp chun,314300,449000,"Cam,Trắng","Quần,Quần lửng","S,M,L,XL",Form dáng hiện đại mang lại sự thoải mái được nhiều quý cô sành điệu yêu thích. Dường như đây là loại quần phù hợp với mọi phong cách.Chất liệu: Thô đũi - 100% Polyester
M0001157,Quần short dạo phố vải kaki eo đáp cạp bản to khoá thân sau,275800,394000,"Đen,Nâu","Quần,Quần short","S,M,L,XL,XXL","Mẫu quần short mang lại sự thoải mái được nhiều quý cô sành điệu không thua kém các mẫu váy hot trend đồng thời tôn lên vẻ đẹp cơ thể thật mạnh mẽ, năng động, trẻ trung, nhưng cũng rất nữ tính và quyến rũ. Chất liệu:Kaki - 78% Polyester 22% Rayon"
M0001158,Quần short dạo phố vải Linen hai lớp lót habutai gấu quần phối ren hoa trang trí cạp sau bo chun khoá thân trước,489000,698600,"Trắng,Xanh","Quần,Quần short","S,M,L,XL","Mẫu quần short mang lại sự thoải mái được nhiều quý cô sành điệu không thua kém các mẫu váy hot trend đồng thời tôn lên vẻ đẹp cơ thể thật mạnh mẽ, năng động, trẻ trung, nhưng cũng rất nữ tính và quyến rũ. Chất liệu:Linen - 55% Linen 45% Rayon"
M0001159,Quần short dạo phố vải thô mỏng eo phối ren cạp bo chun,183700,262400,"Xanh 1,Xanh","Quần,Quần short","XS,S,M","Mẫu quần short mang lại sự thoải mái được nhiều quý cô sành điệu không thua kém các mẫu váy hot trend đồng thời tôn lên vẻ đẹp cơ thể thật mạnh mẽ, năng động, trẻ trung, nhưng cũng rất nữ tính và quyến rũ. Chất liệu:"
M0001160,Quần short dạo phố vải Linen dáng suông khoá thân trước,209300,299000,Kem,"Quần,Quần short","XS,S,M","Mẫu quần short mang lại sự thoải mái được nhiều quý cô sành điệu không thua kém các mẫu váy hot trend đồng thời tôn lên vẻ đẹp cơ thể thật mạnh mẽ, năng động, trẻ trung, nhưng cũng rất nữ tính và quyến rũ.  Chất liệu:LINEN - 100% cotton"
M0001161,Quần short dạo phố vải thô dày eo phối đai kim loại trang trí,391000,558600,"Ghi,Kem,Đen","Quần,Quần short","S,M,L,XL","Mẫu quần short mang lại sự thoải mái được nhiều quý cô sành điệu không thua kém các mẫu váy hot trend đồng thời tôn lên vẻ đẹp cơ thể thật mạnh mẽ, năng động, trẻ trung, nhưng cũng rất nữ tính và quyến rũ.  Chất liệu:Thô dày - 68% Polyester 32% Rayon"
M0001162,Quần short dạo phố vải lụa dày thân xếp ly xoè nhẹ khoá thân trước,338800,484000,"Trắng,Hồng,Xanh","Quần,Quần short","S,M,L,XL","Mẫu quần short mang lại sự thoải mái được nhiều quý cô sành điệu không thua kém các mẫu váy hot trend đồng thời tôn lên vẻ đẹp cơ thể thật mạnh mẽ, năng động, trẻ trung, nhưng cũng rất nữ tính và quyến rũ.  Chất liệu:Lụa dày - 100% polyester"
M0001163,"Chân váy vải thô dáng xòe ngắn cạp rời, đính nơ, khóa giọt lệ thân sau, liền quần, chiết ly bung",262100,374400,"Đen,Trắng","Quần,Quần short","XS,S,M","Chân váy với thiết kế từ Pantio không kén người mặc, dễ dàng tạo sự thoải mái, không gò bó và mang đến nét đẹp năng động, trẻ trung cho người mặc. Diện sản phẩm này các nàng sẽ toát lên vẻ đẹp nữ tính, thướt tha và vô cùng phá cách. Các nàng có thể lựa chọn áo hai dây hoặc áo thun trẻ trung mix cùng sẽ tạo nên một set đồ hoàn hảo. Chất liệu:80% Polyester 20% Nylon"
M0001164,Quần short kiểu dạo phố vải thô hai lớp lót habutai hoạ tiết kẻ vuông,279300,399000,Trắng,"Quần,Quần short","S,M,L,XL","Mẫu quần short mang lại sự thoải mái được nhiều quý cô sành điệu không thua kém các mẫu váy hot trend đồng thời tôn lên vẻ đẹp cơ thể thật mạnh mẽ, năng động, trẻ trung, nhưng cũng rất nữ tính và quyến rũ. Chất liệu:Thô mỏng - 86% Rayon 14% Polyester"
M0001165,Quần short dạo phố vải thô dáng suông ống rộng có túi hai bên hông,342000,488600,"Trắng,Hồng,Đen","Quần,Quần short","S,M,L,XL,XXL","Mẫu quần short được các chị em yêu thích cái đẹp ưa chuộng. Đây là một gợi ý hay ho cho trang phục công sở hiện đại, đễ dàng phối đồ ở nhiều hoàn cảnh khác nhau. Chất liệu:Thô - 89% Rayon 11% Polyester"
M0001166,Quần short dạo phố vải tuytsi dáng suông ống rộng cạp phối khoá bên hông trang trí,209300,299000,Trắng,"Quần,Quần short","S,M,L,XL,XXL","Mẫu quần short mang lại sự thoải mái được nhiều quý cô sành điệu không thua kém các mẫu váy hot trend đồng thời tôn lên vẻ đẹp cơ thể thật mạnh mẽ, năng động, trẻ trung, nhưng cũng rất nữ tính và quyến rũ. Chất liệu:Tuytsi - 70% Polyester 30% Rayon"
M0001222,Quần Jean cao cấp vải Denim dáng ôm gấu xẻ kèm dây xích tạo kiểu,1118600,1598000,"Trắng,Xanh,Đen","Quần,Quần jean","S,M,L","Mẫu quần jean mang lại sự thoải mái được nhiều quý cô sành điệu không thua kém các mẫu váy hot trend đồng thời tôn lên vẻ đẹp cơ thể thật mạnh mẽ, năng động, trẻ trung, nhưng cũng rất nữ tính và quyến rũ. Chất liệu:Denim - 92% cotton 6% polyester 2% spandex"
M0001223,Quần Jean cao cấp vải Denim dáng suông phối hoạ tiết hai bên hông,1188600,1698000,"Đen,Xanh","Quần,Quần jean","S,M,L","Mẫu quần jean mang lại sự thoải mái được nhiều quý cô sành điệu không thua kém các mẫu váy hot trend đồng thời tôn lên vẻ đẹp cơ thể thật mạnh mẽ, năng động, trẻ trung, nhưng cũng rất nữ tính và quyến rũ.  Chất liệu:Denim - 100% Tencel"
M0001224,Quần Jean cao cấp vải Denim dáng ôm gấu gập tạo kiểu,1118600,1598000,"Trắng,Đen,Xanh","Quần,Quần jean","S,M,L","Mẫu quần jean mang lại sự thoải mái được nhiều quý cô sành điệu không thua kém các mẫu váy hot trend đồng thời tôn lên vẻ đẹp cơ thể thật mạnh mẽ, năng động, trẻ trung, nhưng cũng rất nữ tính và quyến rũ.  Chất liệu:Denim - 70% cotton 28% rayon 2% spandex"
M0001225,Quần Jean cao cấp vải Denim dáng loe ống vẩy kèm dây xích tạo kiểu,1118600,1598000,"Đen,Xanh,Trắng","Quần,Quần jean","S,M,L","Mẫu quần jean mang lại sự thoải mái được nhiều quý cô sành điệu không thua kém các mẫu váy hot trend đồng thời tôn lên vẻ đẹp cơ thể thật mạnh mẽ, năng động, trẻ trung, nhưng cũng rất nữ tính và quyến rũ. Chất liệu:Denim - 93.7% cotton 5.4$ polyester 0.9% spandex"
M0001226,Quần Jean cao cấp vải Denim dáng loe ống vẩy kèm dây vải tạo kiểu,1188600,1698000,"Xanh,Đen,Trắng","Quần,Quần jean","S,M,L","Mẫu quần jean mang lại sự thoải mái được nhiều quý cô sành điệu không thua kém các mẫu váy hot trend đồng thời tôn lên vẻ đẹp cơ thể thật mạnh mẽ, năng động, trẻ trung, nhưng cũng rất nữ tính và quyến rũ. Chất liệu:Denim - 92.1% cotton 6% polyester 1.9% spandex"
M0001227,Quần jean cao cấp vải denim dáng loe ống vẩy gấu rút tua rua tạo kiểu,384300,549000,"Xanh 2,Xanh,Xanh 1","Quần,Quần jean","S,M,L,XL","Mẫu quần mang lại sự thoải mái được nhiều quý cô sành điệu không thua kém các mẫu váy hot trend đồng thời tôn lên vẻ đẹp cơ thể thật mạnh mẽ, năng động, trẻ trung, nhưng cũng rất nữ tính và quyến rũ. Chất liệu:Denim - 76% Cotton 22% S-cafe 2% Lycra"
M0001228,Quần jean dạo phố vải denim dáng ôm ống loe cạp phối tag da logo Pantio kèm đai kim loại trang trí,1188600,1698000,"Xanh,Xanh 1,Xanh 2","Quần,Quần jean","S,M,L","Mẫu quần được các chị em yêu thích cái đẹp ưa chuộng. Đây là một gợi ý hay ho cho trang phục công sở hiện đại, đễ dàng phối đồ ở nhiều hoàn cảnh khác nhau.chất liệu:Denim - 87% Cotton 10% Polyester 3%Spandex"
M0001229,Quần jean dạo phố vải denim dáng ôm ống đứng gấu gập kèm thắt lưng tạo kiểu,1118600,1598000,Trắng,"Quần,Quần jean","S,M,L",Form dáng hiện đại mang lại sự thoải mái được nhiều quý cô sành điệu yêu thích. Dường như đây là loại quần phù hợp với mọi phong cách.chất liệu:Denim - 98% Cotton 2%Spandex
M0001230,Quần jean dạo phố vải denim dáng ôm ống đứng gấu gập phối khuy kim loại trang trí,783000,1118600,"Đen,Xanh,Trắng","Quần,Quần jean","S,M,L",Form dáng hiện đại mang lại sự thoải mái được nhiều quý cô sành điệu yêu thích. Dường như đây là loại quần phù hợp với mọi phong cách.Chất liệu:Denim - 94% Cotton 5% Polyester 1%Spandex
M0001231,Quần jean dạo phố vải denim dáng ôm ống đứng gấu rút tua rua đính cúc trang trí,454300,649000,"Trắng,Xanh","Quần,Quần jean","S,M,L","Mẫu quần được các chị em yêu thích cái đẹp ưa chuộng. Đây là một gợi ý hay ho cho trang phục công sở hiện đại, đễ dàng phối đồ ở nhiều hoàn cảnh khác nhau.chất liệu:Denim - 92% Cotton 6% Polyester 2% Spandex"
M0001238,Quần dài truyền thống vải lụa dáng suông ống rộng cạp liền,278300,397600,"Xanh,Vàng,Cam,Hồng,Trắng","Quần,Quần áo dài","S,M,L","Quần thiết kế độc quyền bởi thương hiệu thời trang Pantio. Sản phẩm không chỉ tạo sự thoải mái, nhẹ nhàng khi mặc mà còn giữ được những nét đẹp cơ bản nhất của bộ quốc phục, đặc biệt thích hợp cho các dịp lễ Tết, hay sự kiện quan trọng. Chất liệu:"
M0001239,Quần dài truyền thống vải lụa dáng suông ống rộng cạp liền thân sau pha chun,278300,397600,"Đỏ 1,Xanh ngọc,Xanh 1,Xanh,Xanh 2,Kem,Vàng,Đỏ","Quần,Quần áo dài","S,M,L","Quần áo dàinbsp;thiết kế độc quyền bởi thương hiệu thời trang cao cấp Pantio. Sản phẩm không chỉ tạo sự thoải mái, nhẹ nhàng khi mặc mà còn giữ được những nét đẹp cơ bản nhất của bộ quốc phục, đặc biệt thích hợp cho các dịp lễ Tết, hay sự kiện quan trọng."
M0001240,Quần dài truyền thống vải lụa dáng suông ống rộng cạp liền thân sau pha chun,273400,390600,"Đỏ,Xanh 5,Tím,Xanh ngọc,Xanh 4,Hồng,Xanh 2,Kem 1,Cam,Kem,Xanh,Xanh 1","Quần,Quần áo dài","M,L,S,XL","Quần áo dàinbsp;thiết kế độc quyền bởi thương hiệu thời trang cao cấp Pantio. Sản phẩm không chỉ tạo sự thoải mái, nhẹ nhàng khi mặc mà còn giữ được những nét đẹp cơ bản nhất của bộ quốc phục, đặc biệt thích hợp cho các dịp lễ Tết, hay sự kiện quan trọng."
M0001242,Quần áo dài vải lụa dáng đứng ống rộng khóa thân trước thân sau có chun co dãn,174300,249000,"Nâu,Đỏ,Trắng,Kem","Quần,Quần áo dài","S,M,L,XL,XXL","Tựa như sự kết hợp giữa truyền thống và hiện đại mang đến cho nàng sự chỉn chu chuyên nghịệp mà không mất đi nét nữ tính, thời thượng. Làm nàng nổi bật nét đẹp, ấn tượng giữa đám đông. Không mất nhiều thời gian để phối đồ khi nàng chỉ cần một chân váy bút chì hay một chiếc quần ống rộng là có thể tự tin nổi bật chốn công sở.chất liệu:Lụa - Vải 100% polyester"
M0001243,Quần áo dài,160300,229000,Xanh,"Quần,Quần áo dài","S,M,L,XL","Quần thiết kế độc quyền bởi thương hiệu thời trang cao cấp Pantio. Quần dài được may từ chất liệu vải lụa cát mềm mại, cùng thiết kế tinh tế. Sản phẩm không chỉ tạo sự thoải mái, nhẹ nhàng khi mặc mà còn giữ được những nét đẹp cơ bản nhất của bộ quốc phục, đặc biệt thích hợp cho các dịp lễ Tết, hay sự kiện quan trọng."
M0001244,Quần dài truyền thống vải lụa dáng suông ống rộng cạp liền,184000,262800,"Xanh,Hồng","Quần,Quần áo dài","S,M,L,XL","Quần thiết kế độc quyền bởi thương hiệu thời trang cao cấp Pantio. Quần dài được may từ chất liệu vải lụa tằm mềm mại, cùng thiết kế tinh tế. Sản phẩm không chỉ tạo sự thoải mái, nhẹ nhàng khi mặc mà còn giữ được những nét đẹp cơ bản nhất của bộ quốc phục."
